	investor	{'date': 'invest_date', 'weight': 'company'}
92396	/organization/adara-venture-partners	{'date': '2006-05-10', 'weight': '/organization/loopup'}
14918	/organization/dcm	{'date': '2006-05-22', 'weight': '/organization/neopath-networks'}
73013	/organization/eastward-capital-partners	{'date': '2006-05-01', 'weight': '/organization/luminus-devices'}
33739	/organization/gabriel-venture-partners	{'date': '2006-05-22', 'weight': '/organization/neopath-networks'}
87722	/organization/ftventures	{'date': '2006-06-05', 'weight': '/organization/gmi'}
40662	/organization/needham-capital-partners	{'date': '2006-06-19', 'weight': '/organization/neophotonics'}
73465	/organization/aberdeen-asset-management	{'date': '2006-05-30', 'weight': '/organization/oled-t'}
3920	/organization/greenlight-capital	{'date': '2006-06-01', 'weight': '/organization/webgen-systems'}
10292	/organization/ace-management	{'date': '2006-05-17', 'weight': '/organization/nemoptic'}
69956	/organization/viola-credit	{'date': '2006-06-30', 'weight': '/organization/storeage'}
9775	/organization/the-aurora-funds	{'date': '2006-06-12', 'weight': '/organization/visitar'}
81409	/organization/the-vertical-group	{'date': '2006-05-03', 'weight': '/organization/viacyte'}
49349	/organization/dfj-eplanet-ventures	{'date': '2006-06-08', 'weight': '/organization/fangtek'}
45803	/organization/palo-alto-venture-partners	{'date': '2006-05-03', 'weight': '/organization/nextance'}
67270	/organization/sac-private-capital-group	{'date': '2006-06-01', 'weight': '/organization/nanosolar'}
7303	/organization/elliott-associates	{'date': '2006-05-26', 'weight': '/organization/tagsys'}
102742	/organization/oak-investment-partners	{'date': '2006-05-04', 'weight': '/organization/collabera'}
87597	/organization/startup-capital-ventures	{'date': '2006-06-01', 'weight': '/organization/packet-island'}
95744	/organization/contender-capital	{'date': '2006-06-19', 'weight': '/organization/nitronex'}
5984	/organization/summit-partners	{'date': '2006-06-02', 'weight': '/organization/aurora-diagnostics'}
55760	/organization/valleyvc	{'date': '2006-05-01', 'weight': '/organization/powerset'}
44608	/organization/advantage-capital-partners	{'date': '2006-05-01', 'weight': '/organization/gridpoint'}
102060	/organization/lighthouse-capital-partners	{'date': '2006-06-14', 'weight': '/organization/bipar-sciences'}
87888	/organization/kleiner-perkins-caufield-byers	{'date': '2006-06-30', 'weight': '/organization/arcsight-inc'}
100167	/organization/skyline-ventures	{'date': '2006-05-09', 'weight': '/organization/avidia'}
50640	/organization/intel-capital	{'date': '2006-05-16', 'weight': '/organization/pando-networks'}
84304	/person/bobby-yazdani	{'date': '2006-05-31', 'weight': '/organization/soundhound'}
65374	/organization/partech-international	{'date': '2006-06-01', 'weight': '/organization/msnap'}
14219	/organization/seven-spires-investment	{'date': '2006-05-16', 'weight': '/organization/radiation-watch'}
41490	/organization/techcolumbus-2	{'date': '2006-06-23', 'weight': '/organization/aquablok'}
88150	/organization/arcapita-ventures	{'date': '2006-05-10', 'weight': '/organization/prenova'}
25691	/organization/presidio-ventures	{'date': '2006-06-30', 'weight': '/organization/arcsight-inc'}
14234	/organization/redpoint-ventures	{'date': '2006-06-01', 'weight': '/organization/bitcomet'}
3338	/organization/3i-group	{'date': '2006-06-13', 'weight': '/organization/chronicle-solutions'}
27105	/organization/artis	{'date': '2006-05-31', 'weight': '/organization/castiron-systems'}
1704	/organization/sv-angel	{'date': '2006-05-01', 'weight': '/organization/vitrue'}
81243	/organization/omidyar-network	{'date': '2006-05-31', 'weight': '/organization/krugle'}
68091	/organization/highland-capital-partners	{'date': '2006-06-09', 'weight': '/organization/radiospire-networks'}
93752	/organization/palo-alto-venture-partners	{'date': '2006-06-28', 'weight': '/organization/dvdplay'}
49040	/organization/motorola-solutions-venture-capital	{'date': '2006-06-22', 'weight': '/organization/aligo'}
97639	/organization/j-p-morgan-securities-inc	{'date': '2006-06-01', 'weight': '/organization/reliance-globalcom'}
45128	/organization/canaan-partners	{'date': '2006-06-13', 'weight': '/organization/blackfoot'}
75727	/organization/otc-asset-management	{'date': '2006-05-02', 'weight': '/organization/rvr-systems'}
25286	/organization/mithra-ventures	{'date': '2006-05-17', 'weight': '/organization/macrogenics'}
67258	/organization/bd-ventures	{'date': '2006-05-03', 'weight': '/organization/viacyte'}
99352	/organization/id-softcapital-group	{'date': '2006-06-14', 'weight': '/organization/qpixel-technology'}
30771	/organization/bdc-venture-capital	{'date': '2006-05-24', 'weight': '/organization/firsthand-technologies'}
15538	/organization/institutional-venture-partners	{'date': '2006-06-30', 'weight': '/organization/arcsight-inc'}
89376	/organization/diamondhead-ventures	{'date': '2006-06-19', 'weight': '/organization/nitronex'}
24272	/organization/omnes-capital	{'date': '2006-05-17', 'weight': '/organization/nemoptic'}
40633	/organization/arts-alliance-ventures	{'date': '2006-06-06', 'weight': '/organization/inlive-interactive'}
25440	/organization/argan-capital-advisors	{'date': '2006-05-17', 'weight': '/organization/mobileaware'}
33811	/organization/lc-capital	{'date': '2006-05-17', 'weight': '/organization/nemoptic'}
29982	/organization/needham-capital-partners	{'date': '2006-06-23', 'weight': '/organization/biocept'}
22482	/organization/novo-a-s	{'date': '2006-06-15', 'weight': '/organization/mediquest-therapeutics'}
62040	/organization/bay-partners	{'date': '2006-05-30', 'weight': '/organization/cswitch'}
24903	/organization/august-capital	{'date': '2006-06-29', 'weight': '/organization/scintera-networks'}
98007	/organization/valhalla-partners	{'date': '2006-06-23', 'weight': '/organization/servicebench'}
96650	/organization/partners-at-venture	{'date': '2006-06-27', 'weight': '/organization/xdc'}
1403	/organization/dfj-portage-ventures	{'date': '2006-05-03', 'weight': '/organization/viacyte'}
83659	/organization/alta-berkeley-venture-partners	{'date': '2006-05-08', 'weight': '/organization/onyvax'}
9155	/organization/merlin-biosciences	{'date': '2006-05-08', 'weight': '/organization/onyvax'}
17886	/organization/firelake-capital-management	{'date': '2006-06-01', 'weight': '/organization/nanosolar'}
23661	/organization/us-venture-partners	{'date': '2006-05-17', 'weight': '/organization/instantis'}
9252	/organization/bscope-partners	{'date': '2006-05-23', 'weight': '/organization/beijing-lingtu-software'}
47767	/organization/transcosmos	{'date': '2006-05-24', 'weight': '/organization/singshot-media'}
35264	/organization/meritech-capital-partners	{'date': '2006-06-19', 'weight': '/organization/acopia-networks'}
72591	/organization/integral-capital-partners	{'date': '2006-06-30', 'weight': '/organization/arcsight-inc'}
60000	/organization/red-abbey-venture-partners	{'date': '2006-05-17', 'weight': '/organization/macrogenics'}
90790	/organization/veritas-venture-partners	{'date': '2006-05-17', 'weight': '/organization/guardium'}
4350	/organization/skyline-ventures	{'date': '2006-05-02', 'weight': '/organization/kai-pharmaceuticals'}
82767	/organization/aurelia-private-equity	{'date': '2006-05-08', 'weight': '/organization/combinature-biopharm'}
21916	/organization/vulcan-capital	{'date': '2006-06-14', 'weight': '/organization/ember'}
94382	/organization/intel-capital	{'date': '2006-06-29', 'weight': '/organization/clear2pay'}
94380	/organization/capricorn-management	{'date': '2006-06-01', 'weight': '/organization/nanosolar'}
30488	/organization/powe-capital-management	{'date': '2006-06-27', 'weight': '/organization/xdc'}
36442	/organization/celtic-house-venture-partners	{'date': '2006-05-01', 'weight': '/organization/cavendish-kinetics'}
79816	/organization/fibi-holding	{'date': '2006-05-11', 'weight': '/organization/mobileye-vision-technologies'}
13746	/organization/grotech-ventures	{'date': '2006-06-01', 'weight': '/organization/hatteras-networks'}
83154	/organization/ufg-private-equity	{'date': '2006-05-17', 'weight': '/organization/nemoptic'}
17897	/organization/westlb-mellon-asset-management	{'date': '2006-06-14', 'weight': '/organization/ember'}
72640	/organization/mitsubishi-ufj-capital	{'date': '2006-06-19', 'weight': '/organization/neophotonics'}
49166	/organization/ritchie-capital	{'date': '2006-06-09', 'weight': '/organization/radiospire-networks'}
3098	/organization/ben-franklin-technology-partners-of-northeast-pennsylvania	{'date': '2006-05-25', 'weight': '/organization/rcd-technology'}
23144	/organization/soros-fund-management	{'date': '2006-05-16', 'weight': '/organization/sipex-corporation'}
38266	/organization/south-yorkshire-investment-fund	{'date': '2006-06-27', 'weight': '/organization/fonix'}
31300	/organization/concord-ventures	{'date': '2006-06-12', 'weight': '/organization/flash-networks'}
66726	/organization/jk-b-capital	{'date': '2006-05-17', 'weight': '/organization/instantis'}
76999	/organization/ventures-west	{'date': '2006-06-01', 'weight': '/organization/dabbledb'}
58673	/organization/bayern-kapital	{'date': '2006-06-26', 'weight': '/organization/vanatec'}
41765	/organization/venturelink-diversified-balanced-fund	{'date': '2006-05-29', 'weight': '/organization/covarity'}
98988	/organization/norwest-venture-partners	{'date': '2006-06-22', 'weight': '/organization/stream-processors'}
19011	/organization/itochu-technology-ventures	{'date': '2006-06-19', 'weight': '/organization/nanoopto'}
95685	/organization/bell-mobility-investments	{'date': '2006-06-12', 'weight': '/organization/flash-networks'}
37794	/organization/nextstage-capital	{'date': '2006-05-25', 'weight': '/organization/rcd-technology'}
26434	/organization/geneva-venture-partners	{'date': '2006-05-05', 'weight': '/organization/abazab'}
54952	/person/amish-jani	{'date': '2006-06-14', 'weight': '/organization/aveksa'}
70391	/organization/quest-management-nv	{'date': '2006-06-29', 'weight': '/organization/clear2pay'}
98860	/organization/battery-ventures	{'date': '2006-05-01', 'weight': '/organization/luminus-devices'}
100533	/organization/baroda-ventures	{'date': '2006-05-17', 'weight': '/organization/mediavast'}
37750	/organization/rock-creek-capital	{'date': '2006-06-27', 'weight': '/organization/attune-systems'}
35756	/person/doug-kilponen	{'date': '2006-06-05', 'weight': '/organization/merchantcircle'}
73608	/organization/artiman-ventures	{'date': '2006-05-15', 'weight': '/organization/sierra-design-automation'}
53280	/organization/american-securities-capital-partners	{'date': '2006-06-12', 'weight': '/organization/potbelly-sandwich-works'}
46193	/organization/audiolux	{'date': '2006-06-27', 'weight': '/organization/xdc'}
48241	/person/jeff-clavier	{'date': '2006-06-01', 'weight': '/organization/rapleaf'}
74198	/organization/sr-one	{'date': '2006-05-08', 'weight': '/organization/onyvax'}
2788	/organization/draper-fisher-jurvetson	{'date': '2006-06-01', 'weight': '/organization/fangtek'}
48025	/person/dave-goldberg	{'date': '2006-05-01', 'weight': '/organization/qloud'}
100832	/organization/star-ventures	{'date': '2006-04-30', 'weight': '/organization/negevtech'}
56783	/organization/accel-partners	{'date': '2006-06-19', 'weight': '/organization/acopia-networks'}
12622	/organization/y-combinator	{'date': '2006-05-01', 'weight': '/organization/jamglue'}
99037	/organization/vanguard-ventures	{'date': '2006-06-28', 'weight': '/organization/dvdplay'}
49877	/organization/lightspeed-venture-partners	{'date': '2006-05-23', 'weight': '/organization/identity-engines'}
4770	/organization/spencer-trask	{'date': '2006-05-27', 'weight': '/organization/hyperactive-technologies'}
62765	/organization/cisco	{'date': '2006-06-01', 'weight': '/organization/akimbo'}
10246	/organization/kfw	{'date': '2006-06-15', 'weight': '/organization/innolume'}
82305	/organization/enspire-capital	{'date': '2006-05-01', 'weight': '/organization/exavio'}
6890	/person/andy-russell	{'date': '2006-06-01', 'weight': '/organization/rapleaf'}
56578	/organization/brookside-capital	{'date': '2006-06-23', 'weight': '/organization/tengion'}
37257	/organization/nc-idea	{'date': '2006-06-12', 'weight': '/organization/visitar'}
102305	/organization/headland-ventures	{'date': '2006-05-03', 'weight': '/organization/viacyte'}
60268	/organization/evergreen-venture-partners	{'date': '2006-06-12', 'weight': '/organization/flash-networks'}
68411	/organization/medimmune-ventures	{'date': '2006-05-09', 'weight': '/organization/avidia'}
15144	/person/ron-conway	{'date': '2006-06-01', 'weight': '/organization/rapleaf'}
2867	/organization/ascent-venture-partners	{'date': '2006-05-17', 'weight': '/organization/guardium'}
75375	/organization/techcolumbus-2	{'date': '2006-06-19', 'weight': '/organization/clearsaileing'}
70936	/organization/vision-capital	{'date': '2006-05-08', 'weight': '/organization/atempo'}
15781	/organization/sigma-partners	{'date': '2006-05-22', 'weight': '/organization/kace'}
25393	/organization/crimson-investment	{'date': '2006-06-06', 'weight': '/organization/anda-networks'}
2946	/organization/ra-capital-management	{'date': '2006-06-27', 'weight': '/organization/genelabs-technologies'}
231	/organization/needham-capital-partners	{'date': '2006-05-16', 'weight': '/organization/sipex-corporation'}
38963	/organization/rustic-canyon-partners	{'date': '2006-05-31', 'weight': '/organization/krugle'}
27924	/organization/entrepia-ventures	{'date': '2006-05-23', 'weight': '/organization/archpro-design-automation'}
51463	/organization/technology-associates-management	{'date': '2006-06-14', 'weight': '/organization/qpixel-technology'}
26199	/organization/ventech-capital	{'date': '2006-05-17', 'weight': '/organization/nemoptic'}
29407	/organization/docor-international-management	{'date': '2006-06-21', 'weight': '/organization/critisense'}
58693	/organization/comerica-bank	{'date': '2006-06-01', 'weight': '/organization/ingrid'}
105227	/organization/bain-capital-ventures	{'date': '2006-05-24', 'weight': '/organization/kiva-systems'}
86591	/organization/ata-ventures	{'date': '2006-05-30', 'weight': '/organization/cswitch'}
27570	/organization/arcapita-ventures	{'date': '2006-06-22', 'weight': '/organization/alloptic'}
101293	/organization/wellington-partners	{'date': '2006-04-30', 'weight': '/organization/negevtech'}
68260	/organization/intel-capital	{'date': '2006-06-21', 'weight': '/organization/navini-networks'}
37772	/organization/mitsui-ventures	{'date': '2006-06-09', 'weight': '/organization/innopath'}
78065	/organization/updata-partners	{'date': '2006-05-24', 'weight': '/organization/nimaya'}
101299	/organization/outlook-ventures	{'date': '2006-04-30', 'weight': '/organization/reconnex'}
27347	/organization/nippon-venture-capital	{'date': '2006-06-09', 'weight': '/organization/innopath'}
21653	/person/jim-bankoff	{'date': '2006-05-01', 'weight': '/organization/qloud'}
25273	/organization/clydesdale-ventures	{'date': '2006-05-09', 'weight': '/organization/intrallect'}
56000	/organization/3i-group	{'date': '2006-06-06', 'weight': '/organization/inlive-interactive'}
83124	/organization/commons-capital	{'date': '2006-05-22', 'weight': '/organization/passport-systems'}
58150	/organization/sage-technology-ventures	{'date': '2006-05-23', 'weight': '/organization/archpro-design-automation'}
5715	/organization/rre-ventures	{'date': '2006-05-11', 'weight': '/organization/teja-technologies-2'}
13476	/organization/gobi-partners	{'date': '2006-05-23', 'weight': '/organization/beijing-lingtu-software'}
41487	/organization/naxicap-partners	{'date': '2006-06-30', 'weight': '/organization/mondeca'}
39291	/organization/siemer-ventures	{'date': '2006-05-01', 'weight': '/organization/nine-star'}
18143	/organization/charles-river-ventures	{'date': '2006-05-30', 'weight': '/organization/cswitch'}
97247	/organization/delphi-ventures	{'date': '2006-05-02', 'weight': '/organization/kai-pharmaceuticals'}
80252	/organization/mpm-capital	{'date': '2006-06-16', 'weight': '/organization/vlst-corporation'}
42266	/organization/ceyuan-ventures	{'date': '2006-05-01', 'weight': '/organization/yicha-online'}
26031	/organization/cdc-enterprises-2	{'date': '2006-06-14', 'weight': '/organization/crocus-technology'}
80626	/organization/delek-group	{'date': '2006-05-11', 'weight': '/organization/mobileye-vision-technologies'}
103152	/organization/jumpstartinc	{'date': '2006-05-01', 'weight': '/organization/synapse-biomedical'}
9064	/organization/star-ventures	{'date': '2006-06-19', 'weight': '/organization/acopia-networks'}
67216	/organization/high-tech-gruenderfonds	{'date': '2006-06-26', 'weight': '/organization/vanatec'}
15403	/organization/tudor-ventures	{'date': '2006-06-16', 'weight': '/organization/vurv-technology'}
43647	/organization/rincon-venture-partners	{'date': '2006-06-01', 'weight': '/organization/packet-island'}
31467	/organization/polaris-partners	{'date': '2006-05-29', 'weight': '/organization/lrn'}
76183	/organization/goldman-sachs	{'date': '2006-06-19', 'weight': '/organization/acopia-networks'}
20175	/organization/amidzad-partners	{'date': '2006-05-31', 'weight': '/organization/soundhound'}
7042	/organization/trinity-ventures	{'date': '2006-05-23', 'weight': '/organization/identity-engines'}
34494	/organization/texas-pacific-group	{'date': '2006-06-16', 'weight': '/organization/vlst-corporation'}
22932	/organization/globespan-capital-partners	{'date': '2006-06-01', 'weight': '/organization/hatteras-networks'}
63015	/organization/growthworks	{'date': '2006-05-16', 'weight': '/organization/viron-therapeutics'}
12838	/organization/telesoft-partners	{'date': '2006-05-15', 'weight': '/organization/sierra-design-automation'}
34551	/organization/community-investment-corporation	{'date': '2006-05-23', 'weight': '/organization/biovigilant-systems'}
43787	/organization/alta-partners	{'date': '2006-05-17', 'weight': '/organization/macrogenics'}
13896	/organization/surdna-foundation	{'date': '2006-06-25', 'weight': '/organization/youthnoise'}
70111	/organization/draper-esprit	{'date': '2006-06-01', 'weight': '/organization/lagan'}
84014	/organization/investor-growth-capital	{'date': '2006-06-29', 'weight': '/organization/epac'}
59241	/organization/georgian-pine-investments	{'date': '2006-05-23', 'weight': '/organization/beijing-lingtu-software'}
16966	/organization/leapfrog-ventures	{'date': '2006-06-14', 'weight': '/organization/krillion'}
84504	/organization/sitra-ventures	{'date': '2006-06-29', 'weight': '/organization/fit-biotech'}
50794	/organization/nippon-venture-capital	{'date': '2006-06-14', 'weight': '/organization/iplocks'}
53071	/organization/comventures	{'date': '2006-05-01', 'weight': '/organization/filmloop'}
46998	/organization/sas-investors	{'date': '2006-05-01', 'weight': '/organization/lightspeed-audio-labs'}
63884	/organization/heights-capital-management	{'date': '2006-05-16', 'weight': '/organization/sipex-corporation'}
35200	/organization/limburgse-reconversie-maatschappij	{'date': '2006-05-11', 'weight': '/organization/ideaxis'}
58621	/organization/abs-capital-partners	{'date': '2006-05-10', 'weight': '/organization/sourcemedical'}
75228	/organization/silicon-valley-internet-capital	{'date': '2006-06-30', 'weight': '/organization/arcsight-inc'}
73472	/organization/enterprise-partners	{'date': '2006-06-01', 'weight': '/organization/specific-media'}
54204	/organization/summit-partners	{'date': '2006-06-02', 'weight': '/organization/multifonds'}
71675	/organization/amidzad-partners	{'date': '2006-05-01', 'weight': '/organization/powerset'}
53493	/organization/vivium-life-private-equity	{'date': '2006-06-27', 'weight': '/organization/xdc'}
55625	/organization/new-enterprise-associates	{'date': '2006-06-20', 'weight': '/organization/compiere'}
26407	/organization/e-synergy	{'date': '2006-05-30', 'weight': '/organization/oled-t'}
100785	/organization/slater-technology-fund	{'date': '2006-06-13', 'weight': '/organization/rightpath-payments'}
26409	/organization/oak-investment-partners	{'date': '2006-05-23', 'weight': '/organization/beijing-lingtu-software'}
75256	/organization/ovp-venture-partners	{'date': '2006-06-16', 'weight': '/organization/vlst-corporation'}
57839	/organization/il-fs-investment-managers	{'date': '2006-06-07', 'weight': '/organization/ebs-worldwide-services'}
75027	/organization/bip-investment-partners	{'date': '2006-06-27', 'weight': '/organization/xdc'}
7447	/organization/interwest-partners	{'date': '2006-05-17', 'weight': '/organization/macrogenics'}
89262	/organization/benchmark	{'date': '2006-06-13', 'weight': '/organization/bridgeco'}
56376	/organization/sevin-rosen-funds	{'date': '2006-06-29', 'weight': '/organization/scintera-networks'}
95283	/organization/first-round-capital	{'date': '2006-05-31', 'weight': '/organization/krugle'}
13399	/organization/onset-ventures	{'date': '2006-05-03', 'weight': '/organization/nextance'}
100173	/organization/sid-r-bass-associates	{'date': '2006-05-30', 'weight': '/organization/breach-security'}
63692	/organization/el-dorado-ventures	{'date': '2006-06-28', 'weight': '/organization/dvdplay'}
23996	/organization/palisades-ventures	{'date': '2006-06-12', 'weight': '/organization/soa-software'}
68797	/organization/oseo-innovation	{'date': '2006-05-11', 'weight': '/organization/skema'}
56599	/organization/morgenthaler-ventures	{'date': '2006-05-09', 'weight': '/organization/avidia'}
43868	/organization/stageone-ventures	{'date': '2006-05-17', 'weight': '/organization/guardium'}
71012	/organization/clarendon-fund-managers	{'date': '2006-06-01', 'weight': '/organization/lagan'}
86794	/organization/galileo-partners	{'date': '2006-05-02', 'weight': '/organization/bi-sam-technologies'}
91102	/organization/el-dorado-ventures	{'date': '2006-06-19', 'weight': '/organization/clickshift'}
94463	/organization/lu-innovation	{'date': '2006-05-19', 'weight': '/organization/qunano'}
58245	/organization/jmi-equity	{'date': '2006-06-23', 'weight': '/organization/servicebench'}
31862	/organization/august-capital	{'date': '2006-04-30', 'weight': '/organization/reconnex'}
38078	/organization/interwest-partners	{'date': '2006-05-02', 'weight': '/organization/kai-pharmaceuticals'}
20296	/organization/vantagepoint-capital-partners	{'date': '2006-05-01', 'weight': '/organization/exavio'}
21871	/organization/velocity-interactive-group-2	{'date': '2006-05-01', 'weight': '/organization/exavio'}
26924	/organization/innovation-valley-partners	{'date': '2006-05-23', 'weight': '/organization/biovigilant-systems'}
25297	/organization/pontifax	{'date': '2006-06-21', 'weight': '/organization/critisense'}
37636	/organization/google	{'date': '2006-05-01', 'weight': '/organization/tesla-motors'}
47992	/organization/catamount-ventures	{'date': '2006-06-19', 'weight': '/organization/funtigo-corporation'}
24029	/organization/intersouth-partners	{'date': '2006-05-02', 'weight': '/organization/kai-pharmaceuticals'}
76908	/person/larry-page	{'date': '2006-05-01', 'weight': '/organization/tesla-motors'}
19706	/organization/sigma-partners	{'date': '2006-05-31', 'weight': '/organization/encover'}
6311	/organization/draper-fisher-jurvetson	{'date': '2006-06-14', 'weight': '/organization/ember'}
16047	/organization/peppertree-capital-fund	{'date': '2006-06-02', 'weight': '/organization/pegasus-tower-company'}
100875	/organization/goldman-sachs	{'date': '2006-06-28', 'weight': '/organization/asset4'}
43580	/organization/wasatch-advisors	{'date': '2006-06-06', 'weight': '/organization/bluearc'}
96416	/organization/legend-capital	{'date': '2006-05-30', 'weight': '/organization/vanceinfo-technologies'}
16069	/organization/upfront-ventures	{'date': '2006-05-02', 'weight': '/organization/mobiclip-inc'}
87598	/organization/general-electric-pension-trust	{'date': '2006-06-08', 'weight': '/organization/bullhorn'}
98704	/organization/meusinvest	{'date': '2006-06-27', 'weight': '/organization/xdc'}
96739	/organization/techcolumbus-2	{'date': '2006-05-15', 'weight': '/organization/htp'}
63998	/organization/institutional-venture-partners	{'date': '2006-05-11', 'weight': '/organization/markmonitor'}
49072	/organization/sequoia-capital	{'date': '2006-06-30', 'weight': '/organization/topio'}
74503	/organization/sequoia-capital	{'date': '2006-06-27', 'weight': '/organization/stardoll'}
90956	/organization/quicksilver-vetures	{'date': '2006-06-27', 'weight': '/organization/attune-systems'}
30264	/organization/sequoia-capital	{'date': '2006-05-30', 'weight': '/organization/vanceinfo-technologies'}
4626	/organization/allegra-capital	{'date': '2006-05-17', 'weight': '/organization/mobileaware'}
41824	/organization/sg-asset-management-private-equity	{'date': '2006-06-13', 'weight': '/organization/chronicle-solutions'}
7722	/organization/braemar-energy-ventures	{'date': '2006-05-25', 'weight': '/organization/utility-associates'}
33867	/organization/itochu-corporation	{'date': '2006-06-13', 'weight': '/organization/oddcast'}
25436	/organization/idg-capital-partners	{'date': '2006-06-01', 'weight': '/organization/funinhand'}
52081	/organization/mosaic-asset-management	{'date': '2006-05-17', 'weight': '/organization/ninthdecimal'}
3397	/organization/idg-capital-partners	{'date': '2006-06-01', 'weight': '/organization/bitcomet'}
12007	/organization/sg-asset-management-private-equity-2	{'date': '2006-05-17', 'weight': '/organization/nemoptic'}
77935	/organization/oak-investment-partners	{'date': '2006-05-01', 'weight': '/organization/aibo'}
93968	/organization/polaris-partners	{'date': '2006-06-14', 'weight': '/organization/ember'}
46390	/organization/emergence-capital-partners	{'date': '2006-05-31', 'weight': '/organization/krugle'}
30207	/organization/zon-capital-partners	{'date': '2006-05-25', 'weight': '/organization/rcd-technology'}
94866	/organization/giza-venture-capital	{'date': '2006-06-12', 'weight': '/organization/flash-networks'}
29430	/organization/seed-capital	{'date': '2006-05-16', 'weight': '/organization/celltrix'}
11453	/organization/foresight-group	{'date': '2006-05-24', 'weight': '/organization/the-bunker'}
69117	/organization/anthem-capital-management	{'date': '2006-06-08', 'weight': '/organization/qovia'}
34042	/organization/chevron-technology-ventures	{'date': '2006-06-14', 'weight': '/organization/ember'}
63056	/organization/convergent-investors	{'date': '2006-06-01', 'weight': '/organization/teravicta-technologies'}
77231	/organization/gracenote	{'date': '2006-05-04', 'weight': '/organization/mog'}
3309	/organization/century-capital-management	{'date': '2006-06-16', 'weight': '/organization/footnote'}
23123	/organization/atlantic-bridge	{'date': '2006-06-27', 'weight': '/organization/glonav'}
86663	/organization/us-venture-partners	{'date': '2006-06-21', 'weight': '/organization/critisense'}
4345	/organization/calliode	{'date': '2006-06-13', 'weight': '/organization/anatole'}
40711	/organization/sutter-hill-ventures	{'date': '2006-06-14', 'weight': '/organization/prostor-systems'}
15413	/organization/dn-capital	{'date': '2006-06-01', 'weight': '/organization/lagan'}
14535	/organization/august-capital	{'date': '2006-06-01', 'weight': '/organization/technorati'}
44974	/organization/desjardins-venture-capital	{'date': '2006-05-04', 'weight': '/organization/spinlogic-technologies'}
41852	/person/nick-pritzker	{'date': '2006-05-01', 'weight': '/organization/tesla-motors'}
104654	/organization/norwest-venture-partners	{'date': '2006-05-22', 'weight': '/organization/kace'}
76531	/organization/alven-capital	{'date': '2006-05-17', 'weight': '/organization/nemoptic'}
20836	/person/david-s-rose	{'date': '2006-06-01', 'weight': '/organization/ambient-devices'}
7986	/organization/pitango-venture-capital	{'date': '2006-04-30', 'weight': '/organization/negevtech'}
17885	/organization/matrix-partners	{'date': '2006-06-02', 'weight': '/organization/beijing-sanji-wuxian-internet-technology'}
104790	/organization/investment-saskatchewan	{'date': '2006-05-22', 'weight': '/organization/targeted-growth'}
3083	/organization/trudell-medical	{'date': '2006-05-16', 'weight': '/organization/viron-therapeutics'}
97350	/organization/riva-y-garca-private-equity	{'date': '2006-05-30', 'weight': '/organization/agnitio'}
18476	/organization/stic-international	{'date': '2006-05-29', 'weight': '/organization/datang-mobile-communications-equipment'}
66051	/organization/viola-credit	{'date': '2006-06-07', 'weight': '/organization/provigent-inc'}
45305	/organization/sigma-partners	{'date': '2006-06-30', 'weight': '/organization/topio'}
62374	/organization/intel-capital	{'date': '2006-05-23', 'weight': '/organization/archpro-design-automation'}
96943	/organization/atlas-venture	{'date': '2006-06-06', 'weight': '/organization/starbak'}
96869	/organization/cisco	{'date': '2006-05-22', 'weight': '/organization/neopath-networks'}
44784	/organization/newmargin-growth-fund	{'date': '2006-06-01', 'weight': '/organization/funinhand'}
20340	/organization/fort-mason-capital	{'date': '2006-06-27', 'weight': '/organization/genelabs-technologies'}
26527	/organization/earlybird-venture-capital	{'date': '2006-05-11', 'weight': '/organization/yoggie-security-systems'}
37781	/organization/draper-fisher-jurvetson	{'date': '2006-05-01', 'weight': '/organization/luminus-devices'}
49706	/organization/sequoia-capital	{'date': '2006-06-29', 'weight': '/organization/applabs'}
88450	/organization/quantica-sgr	{'date': '2006-05-25', 'weight': '/organization/correlec'}
3885	/organization/flagship-ventures	{'date': '2006-06-08', 'weight': '/organization/zingku'}
55063	/organization/partnership-capital-growth	{'date': '2006-06-23', 'weight': '/organization/promax-nutrition'}
100132	/organization/smedvig-capital	{'date': '2006-06-22', 'weight': '/organization/blueheath'}
30947	/organization/mayfield-fund	{'date': '2006-05-01', 'weight': '/organization/aibo'}
13216	/organization/asiatech-management	{'date': '2006-05-05', 'weight': '/organization/abazab'}
44421	/organization/espirito-santo-ventures	{'date': '2006-06-01', 'weight': '/organization/nanosolar'}
51401	/person/ted-leonsis	{'date': '2006-05-01', 'weight': '/organization/qloud'}
15256	/organization/selby-venture-partners	{'date': '2006-06-27', 'weight': '/organization/cranite-systems'}
8182	/organization/oxford-blackpoint-venture-partners	{'date': '2006-06-12', 'weight': '/organization/potbelly-sandwich-works'}
91254	/organization/dfj-frontier	{'date': '2006-05-05', 'weight': '/organization/abazab'}
41224	/organization/thomas-weisel-venture-partners	{'date': '2006-06-22', 'weight': '/organization/aligo'}
35801	/organization/amgen	{'date': '2006-05-09', 'weight': '/organization/avidia'}
15800	/organization/scottish-investment-bank	{'date': '2006-05-09', 'weight': '/organization/intrallect'}
70341	/organization/innovacom	{'date': '2006-05-19', 'weight': '/organization/vpod-tv'}
71529	/organization/cazenove-private-equity	{'date': '2006-05-26', 'weight': '/organization/tagsys'}
65636	/organization/paladin-capital-group	{'date': '2006-06-12', 'weight': '/organization/soa-software'}
84565	/organization/rwi-ventures	{'date': '2006-06-06', 'weight': '/organization/bluearc'}
23429	/organization/genesis-partners	{'date': '2006-04-30', 'weight': '/organization/negevtech'}
12619	/organization/venglobal-capital	{'date': '2006-05-09', 'weight': '/organization/auvitek-international'}
9050	/organization/leonardo-venture	{'date': '2006-06-28', 'weight': '/organization/nanocompound'}
84939	/organization/advanced-equities	{'date': '2006-05-05', 'weight': '/organization/abazab'}
43709	/organization/texas-pacific-group	{'date': '2006-05-17', 'weight': '/organization/macrogenics'}
73521	/organization/summit-partners	{'date': '2006-05-04', 'weight': '/organization/mo-industries-holdings'}
76943	/organization/menlo-ventures	{'date': '2006-06-29', 'weight': '/organization/epac'}
5191	/organization/intersouth-partners	{'date': '2006-06-19', 'weight': '/organization/nitronex'}
37262	/organization/amidzad-partners	{'date': '2006-05-31', 'weight': '/organization/quantenna'}
11873	/organization/gkm	{'date': '2006-06-21', 'weight': '/organization/sabrix'}
58292	/organization/alven-capital	{'date': '2006-05-02', 'weight': '/organization/bi-sam-technologies'}
103526	/organization/weston-presidio-capital	{'date': '2006-06-06', 'weight': '/organization/bluearc'}
73921	/organization/abs-capital-partners	{'date': '2006-05-17', 'weight': '/organization/mobileaware'}
58222	/organization/enterprise-partners	{'date': '2006-06-20', 'weight': '/organization/kalon-semiconductor'}
30628	/organization/apex-venture-partners	{'date': '2006-05-17', 'weight': '/organization/mobileaware'}
68909	/organization/fort-washington-capital-partners-group	{'date': '2006-06-06', 'weight': '/organization/bluearc'}
41779	/organization/time-warner-investments	{'date': '2006-05-17', 'weight': '/organization/mediavast'}
45089	/organization/biocrossroads	{'date': '2006-06-07', 'weight': '/organization/cs-keys'}
56312	/organization/draper-fisher-jurvetson	{'date': '2006-05-05', 'weight': '/organization/abazab'}
19557	/organization/ridgewood-capital	{'date': '2006-06-29', 'weight': '/organization/scintera-networks'}
22067	/organization/gold-hill-capital	{'date': '2006-05-01', 'weight': '/organization/exavio'}
24324	/organization/rivervest	{'date': '2006-05-17', 'weight': '/organization/macrogenics'}
33756	/organization/tech-coast-angels	{'date': '2006-06-05', 'weight': '/organization/integrien'}
66516	/organization/draper-fisher-jurvetson	{'date': '2006-06-19', 'weight': '/organization/nanoopto'}
71847	/organization/biogen-idec-new-ventures	{'date': '2006-05-17', 'weight': '/organization/macrogenics'}
15776	/person/timothy-draper	{'date': '2006-06-01', 'weight': '/organization/phonezoo'}
82561	/organization/towerbrook-capital-partners	{'date': '2006-05-16', 'weight': '/organization/sipex-corporation'}
84847	/person/ryan-born	{'date': '2006-05-17', 'weight': '/organization/mediavast'}
94418	/organization/fa-technology-ventures	{'date': '2006-06-20', 'weight': '/organization/autotask'}
37164	/organization/new-enterprise-associates	{'date': '2006-06-14', 'weight': '/organization/prostor-systems'}
94799	/organization/allegis-capital	{'date': '2006-06-27', 'weight': '/organization/attune-systems'}
46052	/organization/sv-angel	{'date': '2006-05-01', 'weight': '/organization/rockyou'}
37608	/organization/dupont-capital-management	{'date': '2006-06-19', 'weight': '/organization/neophotonics'}
64899	/organization/acorn-campus-ventures	{'date': '2006-06-14', 'weight': '/organization/qpixel-technology'}
37605	/organization/redpoint-ventures	{'date': '2006-06-12', 'weight': '/organization/soa-software'}
37607	/organization/motorola-solutions-venture-capital	{'date': '2006-06-01', 'weight': '/organization/avvenu'}
39957	/person/tom-ryan	{'date': '2006-05-01', 'weight': '/organization/qloud'}
64425	/organization/bluerun-ventures	{'date': '2006-06-08', 'weight': '/organization/qovia'}
46336	/organization/globespan-capital-partners	{'date': '2006-05-01', 'weight': '/organization/filmloop'}
14247	/organization/woodside-fund	{'date': '2006-06-22', 'weight': '/organization/stream-processors'}
100962	/organization/mediphase-venture-partners	{'date': '2006-06-14', 'weight': '/organization/patientkeeper'}
88457	/organization/jmi-equity	{'date': '2006-06-20', 'weight': '/organization/autotask'}
58035	/organization/qubis	{'date': '2006-06-01', 'weight': '/organization/lagan'}
91022	/organization/trinity-ventures	{'date': '2006-06-21', 'weight': '/organization/sabrix'}
2098	/organization/bc-brandenburg-capital	{'date': '2006-05-08', 'weight': '/organization/combinature-biopharm'}
102178	/organization/emergence-capital-partners	{'date': '2006-06-28', 'weight': '/organization/dvdplay'}
64233	/organization/pacifica-fund	{'date': '2006-06-27', 'weight': '/organization/cranite-systems'}
66277	/organization/star-ventures	{'date': '2006-06-30', 'weight': '/organization/topio'}
22780	/organization/rbc-venture-partners	{'date': '2006-06-22', 'weight': '/organization/aligo'}
47513	/organization/sevin-rosen-funds	{'date': '2006-06-06', 'weight': '/organization/market6'}
29112	/organization/bdc-venture-capital	{'date': '2006-05-16', 'weight': '/organization/viron-therapeutics'}
69717	/organization/pearl-street-venture-funds	{'date': '2006-05-23', 'weight': '/organization/biovigilant-systems'}
49030	/organization/healthcare-ventures	{'date': '2006-05-09', 'weight': '/organization/avidia'}
53309	/organization/savia-capital	{'date': '2006-06-02', 'weight': '/organization/mobile-security-software'}
62534	/organization/rose-tech-ventures	{'date': '2006-05-01', 'weight': '/organization/ugobe'}
85481	/organization/maverick-capital	{'date': '2006-06-12', 'weight': '/organization/potbelly-sandwich-works'}
67561	/organization/boulder-ventures	{'date': '2006-06-14', 'weight': '/organization/prostor-systems'}
66403	/organization/gmg-capital-partners	{'date': '2006-06-09', 'weight': '/organization/radiospire-networks'}
52783	/organization/asiavest-partners	{'date': '2006-05-01', 'weight': '/organization/anchiva-systems'}
99383	/organization/mpm-capital	{'date': '2006-05-17', 'weight': '/organization/macrogenics'}
100549	/organization/fusion-ip	{'date': '2006-05-15', 'weight': '/organization/asterion'}
99386	/organization/scale-venture-partners	{'date': '2006-05-09', 'weight': '/organization/auvitek-international'}
21267	/organization/dcm	{'date': '2006-05-31', 'weight': '/organization/encover'}
39249	/organization/medimmune-ventures	{'date': '2006-06-16', 'weight': '/organization/vlst-corporation'}
29041	/organization/dolphin-equity-partners	{'date': '2006-06-22', 'weight': '/organization/aligo'}
87748	/person/christian-reitberger	{'date': '2006-06-01', 'weight': '/organization/nanosolar'}
65004	/organization/patriot-capital-funding	{'date': '2006-05-25', 'weight': '/organization/fairchild-industrial-products-company'}
95202	/organization/new-atlantic-ventures	{'date': '2006-05-01', 'weight': '/organization/luminus-devices'}
101310	/organization/idg-capital-partners	{'date': '2006-06-08', 'weight': '/organization/fangtek'}
103469	/organization/bain-capital-2	{'date': '2006-05-23', 'weight': '/organization/inrix'}
89897	/person/daniel-gutenberg	{'date': '2006-05-11', 'weight': '/organization/mobileye-vision-technologies'}
102280	/organization/minor-ventures	{'date': '2006-05-17', 'weight': '/organization/kareo'}
73727	/organization/endeavour-vision	{'date': '2006-05-26', 'weight': '/organization/tagsys'}
45047	/organization/frontier-management-group	{'date': '2006-05-01', 'weight': '/organization/ugobe'}
47026	/organization/vista-ventures	{'date': '2006-06-14', 'weight': '/organization/rally-software'}
89254	/organization/cedar-fund	{'date': '2006-05-17', 'weight': '/organization/guardium'}
96084	/organization/el-dorado-ventures	{'date': '2006-05-03', 'weight': '/organization/nextance'}
87303	/organization/3i-group	{'date': '2006-05-24', 'weight': '/organization/meridea-financial-software'}
47140	/organization/mitsubishi-ufj-capital	{'date': '2006-05-30', 'weight': '/organization/cswitch'}
36991	/organization/hearst-ventures	{'date': '2006-05-01', 'weight': '/organization/sphere'}
47147	/organization/lehman-brothers-venture-partners	{'date': '2006-05-01', 'weight': '/organization/meru-networks'}
13141	/organization/teknoinvest	{'date': '2006-05-19', 'weight': '/organization/qunano'}
87516	/organization/alloy-ventures	{'date': '2006-06-19', 'weight': '/organization/nitronex'}
77343	/organization/chausson-finance	{'date': '2006-06-01', 'weight': '/organization/talend'}
82030	/organization/nob-hill-capital-management	{'date': '2006-05-17', 'weight': '/organization/ninthdecimal'}
23616	/organization/dfj-gotham-ventures	{'date': '2006-06-19', 'weight': '/organization/nanoopto'}
51049	/organization/trident-capital	{'date': '2006-05-01', 'weight': '/organization/sphere'}
48265	/organization/new-enterprise-associates	{'date': '2006-05-31', 'weight': '/organization/baihe'}
98350	/organization/noro-moseley-partners	{'date': '2006-06-30', 'weight': '/organization/firethorn'}
35230	/organization/rre-ventures	{'date': '2006-06-14', 'weight': '/organization/ember'}
96257	/organization/prelude-trust	{'date': '2006-05-23', 'weight': '/organization/greenpeak-technologies'}
102135	/organization/crescent-capital	{'date': '2006-06-01', 'weight': '/organization/lagan'}
75521	/person/scott-kurnit	{'date': '2006-06-01', 'weight': '/organization/sendme'}
19221	/organization/midinvest-management	{'date': '2006-05-30', 'weight': '/organization/magnasense'}
75913	/organization/provider-venture-partners	{'date': '2006-05-19', 'weight': '/organization/qunano'}
45696	/organization/charles-river-ventures	{'date': '2006-06-01', 'weight': '/organization/avvenu'}
26858	/organization/focus-ventures	{'date': '2006-05-11', 'weight': '/organization/markmonitor'}
55885	/organization/trinity-ventures	{'date': '2006-05-01', 'weight': '/organization/photobucket'}
61221	/organization/sofinnova-partners	{'date': '2006-06-14', 'weight': '/organization/crocus-technology'}
12341	/organization/genesis-campus	{'date': '2006-06-26', 'weight': '/organization/pwrf'}
94751	/organization/aju-ib-investment	{'date': '2006-06-01', 'weight': '/organization/fangtek'}
65181	/organization/partech-international	{'date': '2006-06-14', 'weight': '/organization/clearapp'}
41531	/organization/wakefield-group	{'date': '2006-06-14', 'weight': '/organization/liquidia-technologies'}
6172	/organization/j-p-morgan-securities-inc	{'date': '2006-05-26', 'weight': '/organization/tagsys'}
38437	/organization/mosaix-ventures	{'date': '2006-06-14', 'weight': '/organization/patientkeeper'}
99441	/organization/saints-capital	{'date': '2006-06-14', 'weight': '/organization/patientkeeper'}
24032	/organization/spirit-capital-partners	{'date': '2006-05-15', 'weight': '/organization/asterion'}
81107	/organization/argonaut-private-equity	{'date': '2006-06-12', 'weight': '/organization/flash-networks'}
6775	/organization/skypoint-capital	{'date': '2006-05-24', 'weight': '/organization/firsthand-technologies'}
36633	/organization/sumitomo-ventures	{'date': '2006-06-30', 'weight': '/organization/arcsight-inc'}
38464	/organization/battelle-ventures	{'date': '2006-05-23', 'weight': '/organization/biovigilant-systems'}
25230	/organization/foresight-group	{'date': '2006-05-30', 'weight': '/organization/oled-t'}
92741	/organization/torteval-investments	{'date': '2006-05-01', 'weight': '/organization/cavendish-kinetics'}
65858	/organization/dcm	{'date': '2006-05-30', 'weight': '/organization/vanceinfo-technologies'}
17654	/organization/knoll-ventures	{'date': '2006-06-30', 'weight': '/organization/firethorn'}
30650	/organization/smartforest-ventures	{'date': '2006-05-11', 'weight': '/organization/teja-technologies-2'}
30875	/organization/oak-investment-partners	{'date': '2006-06-26', 'weight': '/organization/pwrf'}
94458	/organization/norwest-venture-partners	{'date': '2006-06-01', 'weight': '/organization/reliance-globalcom'}
48711	/organization/wheatley-partners	{'date': '2006-05-16', 'weight': '/organization/pando-networks'}
32370	/organization/pacific-venture-capital	{'date': '2006-06-14', 'weight': '/organization/patientkeeper'}
56283	/organization/khosla-ventures	{'date': '2006-05-15', 'weight': '/organization/greatpoint-energy'}
47801	/organization/alloy-ventures	{'date': '2006-05-09', 'weight': '/organization/avidia'}
6512	/organization/siemens-venture-capital	{'date': '2006-06-14', 'weight': '/organization/liquidia-technologies'}
9487	/organization/mohr-davidow-ventures	{'date': '2006-06-21', 'weight': '/organization/sabrix'}
31652	/organization/orbimed-advisors	{'date': '2006-05-17', 'weight': '/organization/macrogenics'}
101680	/organization/gmo-venturepartners	{'date': '2006-06-01', 'weight': '/organization/next-co'}
67612	/organization/amgen	{'date': '2006-06-16', 'weight': '/organization/vlst-corporation'}
69990	/organization/marathon-asset-management	{'date': '2006-05-16', 'weight': '/organization/sipex-corporation'}
47415	/organization/investor-growth-capital	{'date': '2006-05-02', 'weight': '/organization/kai-pharmaceuticals'}
9484	/organization/austin-ventures	{'date': '2006-06-22', 'weight': '/organization/stream-processors'}
65631	/organization/technology-crossover-ventures	{'date': '2006-06-05', 'weight': '/organization/gmi'}
7925	/organization/shanghai-industrial-holdings	{'date': '2006-06-19', 'weight': '/organization/neophotonics'}
71106	/organization/charles-river-ventures	{'date': '2006-06-19', 'weight': '/organization/acopia-networks'}
75183	/organization/finnish-industry-investment	{'date': '2006-05-30', 'weight': '/organization/magnasense'}
42399	/organization/aberdare-ventures	{'date': '2006-05-02', 'weight': '/organization/kai-pharmaceuticals'}
61992	/organization/scottish-equity-partners	{'date': '2006-06-13', 'weight': '/organization/chronicle-solutions'}
36311	/organization/amgen	{'date': '2006-05-16', 'weight': '/organization/viron-therapeutics'}
13290	/organization/oak-investment-partners	{'date': '2006-06-12', 'weight': '/organization/potbelly-sandwich-works'}
8267	/organization/oak-investment-partners	{'date': '2006-05-02', 'weight': '/organization/wavestream'}
72195	/organization/felicis-ventures	{'date': '2006-05-01', 'weight': '/organization/powerset'}
97956	/organization/columbia-capital	{'date': '2006-06-01', 'weight': '/organization/hatteras-networks'}
26360	/organization/austin-ventures	{'date': '2006-06-26', 'weight': '/organization/pwrf'}
67019	/organization/high-tech-gruenderfonds	{'date': '2006-06-19', 'weight': '/organization/scylab-medic'}
91729	/organization/auriga-partners	{'date': '2006-05-17', 'weight': '/organization/nemoptic'}
38124	/organization/micron-ventures	{'date': '2006-05-30', 'weight': '/organization/cswitch'}
42089	/organization/arch-venture-partners	{'date': '2006-06-19', 'weight': '/organization/nitronex'}
58110	/organization/foundation-capital	{'date': '2006-05-11', 'weight': '/organization/markmonitor'}
5298	/organization/garage-technology-ventures	{'date': '2006-06-01', 'weight': '/organization/packet-island'}
62817	/organization/lightspeed-venture-partners	{'date': '2006-05-03', 'weight': '/organization/nextance'}
78939	/organization/nordic-venture-partners	{'date': '2006-05-24', 'weight': '/organization/meridea-financial-software'}
48547	/organization/black-river	{'date': '2006-05-11', 'weight': '/organization/markmonitor'}
97238	/organization/trustcapital	{'date': '2006-06-29', 'weight': '/organization/clear2pay'}
27186	/organization/garage-technology-ventures	{'date': '2006-05-01', 'weight': '/organization/filmloop'}
9597	/organization/evercore-partners	{'date': '2006-05-15', 'weight': '/organization/sierra-design-automation'}
49713	/organization/ventures-west	{'date': '2006-05-17', 'weight': '/organization/macrogenics'}
85685	/organization/sig-china	{'date': '2006-05-01', 'weight': '/organization/51-com'}
30959	/organization/ffp-holdings	{'date': '2006-05-22', 'weight': '/organization/simplicita-software'}
73036	/organization/intel-capital	{'date': '2006-04-30', 'weight': '/organization/negevtech'}
86119	/organization/poalim-ventures	{'date': '2006-04-30', 'weight': '/organization/negevtech'}
54975	/organization/harris-harris-group	{'date': '2006-06-19', 'weight': '/organization/nanoopto'}
105352	/organization/sequoia-capital	{'date': '2006-05-01', 'weight': '/organization/hayneedle'}
48304	/organization/horizon-ventures	{'date': '2006-05-23', 'weight': '/organization/identity-engines'}
3183	/organization/revolution	{'date': '2006-05-01', 'weight': '/organization/qloud'}
24432	/organization/baird-capital	{'date': '2006-05-31', 'weight': '/organization/encover'}
53694	/organization/glenrock-israel	{'date': '2006-05-11', 'weight': '/organization/mobileye-vision-technologies'}
34404	/organization/crosslink-capital	{'date': '2006-06-06', 'weight': '/organization/bluearc'}
100286	/organization/norwest-venture-partners	{'date': '2006-04-30', 'weight': '/organization/reconnex'}
73416	/organization/caisse-de-depot-et-placement-du-quebec	{'date': '2006-05-17', 'weight': '/organization/macrogenics'}
27893	/organization/seabright-asset-management	{'date': '2006-05-29', 'weight': '/organization/datang-mobile-communications-equipment'}
6639	/organization/benchmark	{'date': '2006-06-01', 'weight': '/organization/nanosolar'}
54580	/organization/commercenet	{'date': '2006-05-01', 'weight': '/organization/powerset'}
4156	/organization/sv-angel	{'date': '2006-06-05', 'weight': '/organization/merchantcircle'}
78307	/organization/agave-capital	{'date': '2006-06-01', 'weight': '/organization/teravicta-technologies'}
69827	/organization/texas-pacific-group	{'date': '2006-05-09', 'weight': '/organization/avidia'}
7339	/organization/elm-ridge-capital-management	{'date': '2006-05-10', 'weight': '/organization/seven-networks'}
93691	/organization/btg	{'date': '2006-05-19', 'weight': '/organization/qunano'}
92841	/organization/lehman-brothers	{'date': '2006-04-30', 'weight': '/organization/negevtech'}
101212	/organization/pilot-group	{'date': '2006-06-01', 'weight': '/organization/rapleaf'}
44637	/organization/klm-capital-group	{'date': '2006-05-09', 'weight': '/organization/auvitek-international'}
96360	/organization/novo-a-s	{'date': '2006-05-16', 'weight': '/organization/celltrix'}
71603	/organization/miven-venture-partners	{'date': '2006-05-23', 'weight': '/organization/beijing-lingtu-software'}
26781	/organization/meritech-capital-partners	{'date': '2006-06-06', 'weight': '/organization/bluearc'}
25074	/organization/mobius-venture-capital	{'date': '2006-06-02', 'weight': '/organization/mobile-security-software'}
66482	/organization/bay-partners	{'date': '2006-06-26', 'weight': '/organization/pwrf'}
26847	/organization/kleiner-perkins-caufield-byers	{'date': '2006-05-23', 'weight': '/organization/presto-services'}
65454	/organization/gamma-capital-partners	{'date': '2006-06-01', 'weight': '/organization/infoniqa-group'}
22172	/person/paul-vidich	{'date': '2006-05-01', 'weight': '/organization/qloud'}
38942	/organization/august-capital	{'date': '2006-05-22', 'weight': '/organization/neopath-networks'}
4515	/organization/sierra-ventures	{'date': '2006-06-19', 'weight': '/organization/funtigo-corporation'}
86433	/organization/morgenthaler-ventures	{'date': '2006-06-06', 'weight': '/organization/bluearc'}
71851	/organization/jk-b-capital	{'date': '2006-05-21', 'weight': '/organization/intacct'}
69226	/organization/alto-invest	{'date': '2006-06-01', 'weight': '/organization/cedip-infrared-systems'}
11648	/organization/first-analysis	{'date': '2006-06-19', 'weight': '/organization/nanoopto'}
23919	/organization/international-finance-corporation	{'date': '2006-06-19', 'weight': '/organization/neophotonics'}
76775	/organization/y-combinator	{'date': '2006-06-01', 'weight': '/organization/xobni'}
67168	/organization/levensohn-venture-partners	{'date': '2006-04-30', 'weight': '/organization/reconnex'}
77478	/organization/meakem-becker-venture-capital	{'date': '2006-05-24', 'weight': '/organization/kiva-systems'}
65841	/organization/vsp-capital	{'date': '2006-06-21', 'weight': '/organization/sabrix'}
67401	/organization/canaan-partners	{'date': '2006-06-08', 'weight': '/organization/qovia'}
74895	/organization/kibo-technology-advancing-capital	{'date': '2006-06-08', 'weight': '/organization/fangtek'}
1030	/organization/clearstone-venture-partners	{'date': '2006-06-22', 'weight': '/organization/indiaideas'}
50013	/organization/dcm	{'date': '2006-06-22', 'weight': '/organization/opvista'}
78004	/organization/incubic-venture-fund	{'date': '2006-05-08', 'weight': '/organization/knowlent'}
75735	/organization/sig-china	{'date': '2006-06-01', 'weight': '/organization/zhongheedu'}
28078	/organization/shepherd-ventures	{'date': '2006-06-01', 'weight': '/organization/specific-media'}
11097	/organization/jafco-asia	{'date': '2006-06-22', 'weight': '/organization/jrd-communication'}
38887	/person/jon-callaghan	{'date': '2006-06-01', 'weight': '/organization/gigaom'}
61222	/organization/vantagepoint-capital-partners	{'date': '2006-06-09', 'weight': '/organization/innopath'}
55824	/organization/masters-capital	{'date': '2006-05-30', 'weight': '/organization/cswitch'}
41714	/organization/masters-capital	{'date': '2006-06-19', 'weight': '/organization/neophotonics'}
75305	/organization/questmark	{'date': '2006-06-16', 'weight': '/organization/vurv-technology'}
59395	/organization/harris-harris-group	{'date': '2006-06-19', 'weight': '/organization/neophotonics'}
65085	/organization/centrecourt-asset-management	{'date': '2006-06-27', 'weight': '/organization/genelabs-technologies'}
92380	/organization/gsr-ventures-management	{'date': '2006-05-01', 'weight': '/organization/aibo'}
2557	/organization/velocity-interactive-group-2	{'date': '2006-05-01', 'weight': '/organization/filmloop'}
3030	/organization/sigma-partners	{'date': '2006-06-01', 'weight': '/organization/webgen-systems'}
60190	/organization/paramount-biocapital-asset-management	{'date': '2006-06-27', 'weight': '/organization/genelabs-technologies'}
25583	/organization/3i-group	{'date': '2006-05-08', 'weight': '/organization/onyvax'}
46529	/organization/3i-group	{'date': '2006-06-14', 'weight': '/organization/clearapp'}
46943	/organization/warburg-pincus	{'date': '2006-06-27', 'weight': '/organization/cranite-systems'}
34102	/organization/alliancebernstein	{'date': '2006-05-23', 'weight': '/organization/beijing-lingtu-software'}
41617	/organization/merlin-biomed	{'date': '2006-06-27', 'weight': '/organization/genelabs-technologies'}
5607	/organization/pi-capital	{'date': '2006-05-11', 'weight': '/organization/million'}
33177	/organization/idf-capital	{'date': '2006-06-19', 'weight': '/organization/n-sided'}
89013	/organization/hsbc-retail-services	{'date': '2006-05-22', 'weight': '/organization/tempo-payment'}
64240	/organization/lexington-venture	{'date': '2006-05-22', 'weight': '/organization/global-care-quest'}
60587	/person/peter-thiel	{'date': '2006-06-01', 'weight': '/organization/rapleaf'}
26600	/organization/index-ventures	{'date': '2006-05-01', 'weight': '/organization/last-fm'}
84139	/organization/venrock	{'date': '2006-06-06', 'weight': '/organization/anda-networks'}
78932	/organization/z-cube	{'date': '2006-05-24', 'weight': '/organization/suppremol'}
89791	/organization/us-venture-partners	{'date': '2006-06-19', 'weight': '/organization/clickshift'}
36453	/organization/swiss-re	{'date': '2006-06-01', 'weight': '/organization/nanosolar'}
26168	/organization/growthworks	{'date': '2006-05-16', 'weight': '/organization/d-wave-systems'}
9929	/organization/quest-for-growth	{'date': '2006-06-29', 'weight': '/organization/clear2pay'}
64440	/organization/alonim-investments	{'date': '2006-05-16', 'weight': '/organization/sipex-corporation'}
6305	/person/sergey-brin	{'date': '2006-05-01', 'weight': '/organization/tesla-motors'}
25807	/organization/worldview-technology-partners	{'date': '2006-06-01', 'weight': '/organization/avvenu'}
9542	/organization/asiatech-management	{'date': '2006-05-08', 'weight': '/organization/knowlent'}
58820	/organization/avalon-ventures	{'date': '2006-06-20', 'weight': '/organization/kalon-semiconductor'}
28724	/organization/kleiner-perkins-caufield-byers	{'date': '2006-05-15', 'weight': '/organization/greatpoint-energy'}
32480	/organization/harris-harris-group	{'date': '2006-05-30', 'weight': '/organization/cswitch'}
84880	/person/jeffrey-s-skoll	{'date': '2006-05-01', 'weight': '/organization/tesla-motors'}
99689	/organization/oak-investment-partners	{'date': '2006-06-14', 'weight': '/organization/qpixel-technology'}
88726	/organization/brm-capital	{'date': '2006-05-16', 'weight': '/organization/pando-networks'}
45964	/organization/qiming-venture-partners	{'date': '2006-06-08', 'weight': '/organization/fangtek'}
71381	/organization/jk-b-capital	{'date': '2006-06-27', 'weight': '/organization/cranite-systems'}
54543	/organization/storm-ventures	{'date': '2006-05-01', 'weight': '/organization/affinitycircles'}
74988	/organization/e-ventures	{'date': '2006-06-27', 'weight': '/organization/cranite-systems'}
10782	/organization/cisco	{'date': '2006-05-17', 'weight': '/organization/guardium'}
34625	/organization/diamondhead-ventures	{'date': '2006-06-27', 'weight': '/organization/cranite-systems'}
39727	/organization/mds-capital	{'date': '2006-05-02', 'weight': '/organization/kai-pharmaceuticals'}
87251	/organization/mayfield-fund	{'date': '2006-05-11', 'weight': '/organization/teja-technologies-2'}
35514	/organization/legend-ventures	{'date': '2006-06-01', 'weight': '/organization/overture-networks'}
72476	/organization/42-ventures	{'date': '2006-06-01', 'weight': '/organization/sharp-analytics'}
96329	/organization/state-bank-of-india	{'date': '2006-06-22', 'weight': '/organization/indiaideas'}
96249	/organization/3i-group	{'date': '2006-05-08', 'weight': '/organization/combinature-biopharm'}
68416	/organization/crosslink-capital	{'date': '2006-06-01', 'weight': '/organization/reliance-globalcom'}
55433	/organization/infotech-ventures	{'date': '2006-05-01', 'weight': '/organization/exavio'}
33417	/organization/voyager-capital	{'date': '2006-06-05', 'weight': '/organization/gmi'}
32984	/organization/cayuga-venture-fund	{'date': '2006-06-12', 'weight': '/organization/allworx'}
21553	/organization/transcosmos	{'date': '2006-06-01', 'weight': '/organization/pheedo'}
58340	/organization/dfj-frontier	{'date': '2006-05-17', 'weight': '/organization/ninthdecimal'}
14380	/organization/the-challenge-funds	{'date': '2006-06-12', 'weight': '/organization/flash-networks'}
44001	/organization/the-sprout-group	{'date': '2006-06-01', 'weight': '/organization/reliance-globalcom'}
76164	/organization/questmark	{'date': '2006-06-16', 'weight': '/organization/rf-code'}
9034	/organization/biofund-management	{'date': '2006-06-29', 'weight': '/organization/fit-biotech'}
86246	/organization/union-square-ventures	{'date': '2006-06-13', 'weight': '/organization/oddcast'}
18592	/organization/first-round-capital	{'date': '2006-06-01', 'weight': '/organization/aggregateknowledge'}
20617	/organization/evercore-partners	{'date': '2006-05-31', 'weight': '/organization/castiron-systems'}
19297	/organization/clarium-capital	{'date': '2006-05-01', 'weight': '/organization/cavendish-kinetics'}
56566	/organization/palomar-ventures	{'date': '2006-05-31', 'weight': '/organization/encryptanet-inc'}
57905	/organization/highland-capital-partners	{'date': '2006-06-06', 'weight': '/organization/anda-networks'}
63356	/organization/novartis-venture-fund	{'date': '2006-05-16', 'weight': '/organization/viron-therapeutics'}
69913	/organization/draper-fisher-jurvetson	{'date': '2006-06-12', 'weight': '/organization/soa-software'}
79107	/organization/gartmore-investment-management	{'date': '2006-05-30', 'weight': '/organization/oled-t'}
55311	/organization/armada-investment-group	{'date': '2006-06-01', 'weight': '/organization/overture-networks'}
41187	/organization/gandyr-group	{'date': '2006-05-11', 'weight': '/organization/mobileye-vision-technologies'}
83675	/organization/sevin-rosen-funds	{'date': '2006-05-31', 'weight': '/organization/encryptanet-inc'}
17355	/organization/balderton-capital	{'date': '2006-05-01', 'weight': '/organization/bebo'}
10732	/organization/t-venture	{'date': '2006-06-12', 'weight': '/organization/flash-networks'}
7415	/organization/index-ventures	{'date': '2006-06-27', 'weight': '/organization/stardoll'}
30640	/organization/omidyar-network	{'date': '2006-06-25', 'weight': '/organization/youthnoise'}
15796	/organization/austin-ventures	{'date': '2006-06-14', 'weight': '/organization/process-data-control'}
33682	/organization/comventures	{'date': '2006-06-01', 'weight': '/organization/hatteras-networks'}
80644	/organization/tallwood-venture-capital	{'date': '2006-05-11', 'weight': '/organization/teja-technologies-2'}
75466	/organization/wrf-capital	{'date': '2006-06-16', 'weight': '/organization/vlst-corporation'}
48708	/organization/korean-development-bank	{'date': '2006-05-29', 'weight': '/organization/datang-mobile-communications-equipment'}
55949	/organization/y-combinator	{'date': '2006-06-01', 'weight': '/organization/scribd'}
31816	/organization/arch-venture-partners	{'date': '2006-06-16', 'weight': '/organization/vlst-corporation'}
101515	/organization/mission-ventures	{'date': '2006-06-20', 'weight': '/organization/kalon-semiconductor'}
23926	/organization/hummer-winblad-venture-partners	{'date': '2006-06-14', 'weight': '/organization/krillion'}
87070	/organization/intel-capital	{'date': '2006-06-01', 'weight': '/organization/montage-technology'}
62171	/organization/cdc-innovation	{'date': '2006-05-17', 'weight': '/organization/nemoptic'}
27838	/organization/kleiner-perkins-caufield-byers	{'date': '2006-06-29', 'weight': '/organization/scintera-networks'}
29790	/organization/mitsui-ventures	{'date': '2006-06-22', 'weight': '/organization/rgb-networks'}
29820	/organization/atrium-capital	{'date': '2006-05-09', 'weight': '/organization/incentive-logic'}
80741	/organization/grandbanks-capital	{'date': '2006-06-14', 'weight': '/organization/ember'}
64742	/organization/shea-ventures	{'date': '2006-05-17', 'weight': '/organization/instantis'}
1160	/organization/cisco	{'date': '2006-06-20', 'weight': '/organization/kalon-semiconductor'}
93470	/organization/morgenthaler-ventures	{'date': '2006-06-19', 'weight': '/organization/nanoopto'}
98720	/organization/virgin-mobile	{'date': '2006-06-25', 'weight': '/organization/youthnoise'}
69037	/organization/high-tech-gruenderfonds	{'date': '2006-06-01', 'weight': '/organization/spotigo'}
60030	/organization/chevron-technology-ventures	{'date': '2006-06-06', 'weight': '/organization/bluearc'}
52691	/organization/mitsui-ventures	{'date': '2006-06-01', 'weight': '/organization/nanosolar'}
90582	/organization/clearstone-venture-partners	{'date': '2006-05-23', 'weight': '/organization/presto-services'}
54671	/organization/gf-private-equity	{'date': '2006-05-30', 'weight': '/organization/cswitch'}
49651	/organization/benchmark	{'date': '2006-05-01', 'weight': '/organization/bebo'}
21323	/organization/polytechnos-venture-partners	{'date': '2006-06-15', 'weight': '/organization/innolume'}
74366	/organization/mb-venture-capital-fund	{'date': '2006-05-08', 'weight': '/organization/onyvax'}
10239	/organization/bridge-investment-fund	{'date': '2006-06-21', 'weight': '/organization/critisense'}
81934	/organization/industry-ventures	{'date': '2006-06-27', 'weight': '/organization/cranite-systems'}
76411	/person/chris-sacca	{'date': '2006-05-01', 'weight': '/organization/photobucket'}
31141	/organization/banexi-ventures	{'date': '2006-06-12', 'weight': '/organization/violet'}
5493	/organization/contango-capital-management	{'date': '2006-05-01', 'weight': '/organization/gridpoint'}
35084	/organization/trinova	{'date': '2006-06-30', 'weight': '/organization/mondeca'}
18204	/organization/primus-capital-management	{'date': '2006-06-02', 'weight': '/organization/pegasus-tower-company'}
2727	/organization/draper-richards	{'date': '2006-06-13', 'weight': '/organization/blackfoot'}
20140	/organization/nauta-capital	{'date': '2006-05-01', 'weight': '/organization/prithvi-catalytic-inc'}
76220	/organization/vantagepoint-capital-partners	{'date': '2006-06-19', 'weight': '/organization/nitronex'}
57339	/organization/hummer-winblad-venture-partners	{'date': '2006-05-21', 'weight': '/organization/intacct'}
17177	/organization/qtv-capital	{'date': '2006-05-17', 'weight': '/organization/mediavast'}
20785	/person/dharmesh-shah	{'date': '2006-05-01', 'weight': '/organization/hubspot'}
45813	/organization/siemens-venture-capital	{'date': '2006-06-22', 'weight': '/organization/verimatrix'}
59944	/organization/farallon-capital-management	{'date': '2006-06-01', 'weight': '/organization/heidi-coast-advertising'}
101264	/organization/canopy-ventures	{'date': '2006-06-16', 'weight': '/organization/footnote'}
15072	/organization/jla-ventures	{'date': '2006-06-01', 'weight': '/organization/musicip'}
16852	/organization/canadian-medical-discoveries-fund	{'date': '2006-05-16', 'weight': '/organization/viron-therapeutics'}
7585	/organization/octopus-ventures	{'date': '2006-06-14', 'weight': '/organization/first-retail'}
87767	/organization/vesbridge-partners	{'date': '2006-06-19', 'weight': '/organization/acopia-networks'}
89568	/organization/venrock	{'date': '2006-06-06', 'weight': '/organization/starbak'}
19156	/organization/charter-life-sciences	{'date': '2006-06-08', 'weight': '/organization/bullhorn'}
63684	/organization/kfw	{'date': '2006-06-28', 'weight': '/organization/nanocompound'}
91276	/organization/skylon-advisors	{'date': '2006-05-29', 'weight': '/organization/covarity'}
6236	/organization/storm-ventures	{'date': '2006-05-09', 'weight': '/organization/auvitek-international'}
45158	/organization/sierra-ventures	{'date': '2006-06-14', 'weight': '/organization/clearapp'}
60143	/organization/bluestream-ventures	{'date': '2006-06-08', 'weight': '/organization/ounce-labs'}
