investor,company,weight,date
/person/james-hong,/organization/cardpool,0,2010-01-01
/person/mitch-kapor,/organization/inkling-systems,308333,2010-01-01
/organization/dreamit-ventures,/organization/sqoot,15000,2010-01-01
/organization/kima-ventures,/organization/scoville,133333,2010-01-01
/organization/kaiser-permanente,/organization/free-clear,3333333,2010-01-01
/organization/azione-capital-pte-ltd,/organization/asker,25000,2010-01-01
/person/dave-goldberg,/organization/small-demons,125000,2010-01-01
/organization/matrix-partners-china,/organization/xageek,219619,2010-01-01
/person/hank-vigil,/organization/pinterest,38461,2010-01-01
/organization/founders-fund,/organization/carwoo,21428,2010-01-01
/organization/simon-venture-group,/organization/shopkick,833333,2010-01-01
/organization/idg-capital-partners,/organization/51edu,0,2010-01-01
/organization/thetime,/organization/united-parents-online-ltd,450000,2010-01-01
/organization/andreessen-horowitz,/organization/top-prospect,0,2010-01-01
/organization/kleiner-perkins-caufield-byers,/organization/five-minutes,0,2010-01-01
/person/raj-sandhu,/organization/futureadvisor,142857,2010-01-01
/organization/mirae-asset-venture-investment,/organization/ium,430386,2010-01-01
/person/brendan-wallace,/organization/identified-com,88235,2010-01-01
/organization/sirius-venture-partners,/organization/autodisplay,0,2010-01-01
/organization/plug-and-play-ventures,/organization/beesphere,0,2010-01-01
/organization/speedup-investments,/organization/smartzilla,0,2010-01-01
/organization/sony-entertainment-network,/organization/rcdb,5000000,2010-01-01
/organization/tech-wildcatters,/organization/key-ring,0,2010-01-01
/person/shervin-pishevar,/organization/hitpost,0,2010-01-01
/organization/alphalab,/organization/skill-life,0,2010-01-01
/person/david-richmond,/organization/datasift,750000,2010-01-01
/person/felix-haas,/organization/lingoking,0,2010-01-01
/person/jeff-fluhr,/organization/civicsolar,75833,2010-01-01
/person/mitch-kapor,/organization/vittana,0,2010-01-01
/person/m-cem-sertoglu,/organization/wikimart-ru,0,2010-01-01
/organization/fidelity-growth-partners-asia,/organization/isoftstone,0,2010-01-01
/organization/redpoint-ventures,/organization/cloud-com,3666666,2010-01-01
/organization/mci-management,/organization/biotech-varsovia-pharma,0,2010-01-01
/organization/azione-capital-pte-ltd,/organization/spendcrowd,25000,2010-01-01
/person/raj-sandhu,/organization/healthagen,1500000,2010-01-01
/organization/i-o-ventures,/organization/anomaly-innovations,0,2010-01-01
/organization/ndrc,/organization/mutebutton,0,2010-01-01
/organization/tom-group,/organization/ule,439238,2010-01-01
/organization/felicis-ventures,/organization/carwoo,21428,2010-01-01
/organization/battery-ventures,/organization/revenue-assurance-cvidya,2000000,2010-01-01
/person/rich-barton,/organization/vittana,0,2010-01-01
/person/john-glynn,/organization/identified-com,88235,2010-01-01
/organization/google,/organization/vittana,0,2010-01-01
/organization/tice-capital,/organization/ology-media,500000,2010-01-01
/person/nicholas-chan,/organization/dynamic-social-network-analysis,25000,2010-01-01
/organization/ad-pepper-media,/organization/socialtyze,1500000,2010-01-01
/organization/ceyuan-ventures,/organization/douban,7000000,2010-01-01
/organization/asset-management-ventures,/organization/kii,0,2010-01-01
/organization/us-government,/organization/emergentdetection,229900,2010-01-01
/person/christian-vollmann,/organization/besser-betreut-gmbh,0,2010-01-01
/person/ramit-sethi,/organization/cardpool,0,2010-01-01
/organization/great-oaks-venture-capital,/organization/cardpool,0,2010-01-01
/organization/i-o-ventures,/organization/damntheradio,0,2010-01-01
/organization/high-tech-gruenderfonds,/organization/textunes,0,2010-01-01
/organization/technologiegrnderfonds-sachsen,/organization/qoniac,0,2010-01-01
/organization/openfund,/organization/imagga,50000,2010-01-01
/organization/alphalab,/organization/blacklocus,0,2010-01-01
/person/hussam-khoury,/organization/identified-com,88235,2010-01-01
/person/andrew-boszhardt,/organization/healthtap,0,2010-01-01
/person/dennis-von-ferenczy,/organization/lingoking,0,2010-01-01
/person/bob-pittman,/organization/room77,428571,2010-01-01
/organization/azione-capital-pte-ltd,/organization/dynamic-social-network-analysis,25000,2010-01-01
/organization/china-equity,/organization/ifensi-com,27000000,2010-01-01
/organization/matrix-partners-china,/organization/tuan800,0,2010-01-01
/person/dave-goldberg,/organization/top-prospect,0,2010-01-01
/person/raymond-tonsing,/organization/futureadvisor,142857,2010-01-01
/person/joseph-r-perella-2,/organization/relationship-science,8571428,2010-01-01
/organization/morgan-stanley,/organization/better-place,116666666,2010-01-01
/organization/three-arch-partners,/organization/free-clear,3333333,2010-01-01
/organization/cbc-capital,/organization/supercloud,0,2010-01-01
/person/rick-heitzmann,/organization/pinterest,38461,2010-01-01
/organization/startup-capital-ventures,/organization/tunein-inc,3000000,2010-01-01
/organization/cel-venture-capital,/organization/isoftstone,0,2010-01-01
/person/udi-manber,/organization/carwoo,21428,2010-01-01
/person/charles-xue,/organization/utstarcom,0,2010-01-01
/organization/china-post,/organization/ule,439238,2010-01-01
/organization/sv-angel,/organization/rollcall-roll-to,500000,2010-01-01
/person/william-bao-bean,/organization/hengzhi,200000,2010-01-01
/person/andrew-chen,/organization/cardpool,0,2010-01-01
/person/valeh-vakili,/organization/small-demons,125000,2010-01-01
/organization/idg-capital-partners,/organization/l99-com,0,2010-01-01
/person/naval-ravikant,/organization/hitpost,0,2010-01-01
/organization/northern-light-venture-capital,/organization/keduo,6600000,2010-01-01
/person/aydin-senkut,/organization/inkling-systems,308333,2010-01-01
/person/nicholas-chan,/organization/spendcrowd,25000,2010-01-01
/organization/silver-lake-partners,/organization/vantage-data-centers,0,2010-01-01
/person/jeff-fluhr,/organization/duda-mobile,766666,2010-01-01
/person/max-levchin,/organization/cardpool,0,2010-01-01
/organization/viola-credit,/organization/velti,5000000,2010-01-01
/organization/sv-angel,/organization/simperium,0,2010-01-01
/person/josh-felser,/organization/cardpool,0,2010-01-01
/person/joseph-ansanelli,/organization/zangzing,500000,2010-01-01
/organization/launchpadla,/organization/zefr,0,2010-01-01
/organization/bessemer-venture-partners,/organization/wearesupernova,733333,2010-01-01
/person/kathryn-corro,/organization/zangzing,500000,2010-01-01
/person/howard-wolk,/organization/ology-media,500000,2010-01-01
/organization/draper-associates-2,/organization/identified-com,88235,2010-01-01
/person/christopher-isak,/organization/lingoking,0,2010-01-01
/person/ben-lin,/organization/rise-art,0,2010-01-01
/organization/floodgate,/organization/demandforce,0,2010-01-01
/person/scott-belsky,/organization/pinterest,38461,2010-01-01
/person/salman-malik,/organization/bouf,68939,2010-01-01
/person/karl-jacob,/organization/healthtap,0,2010-01-01
/person/andrew-boszhardt,/organization/futureadvisor,142857,2010-01-01
/person/andrea-anderheggen,/organization/shopgate,200000,2010-01-01
/organization/hyperion-israel-venture-partners,/organization/revenue-assurance-cvidya,2000000,2010-01-01
/person/deebek-ventures,/organization/identified-com,88235,2010-01-01
/person/chris-sacca,/organization/cardpool,0,2010-01-01
/organization/sequoia-capital,/organization/l99-com,0,2010-01-01
/organization/astrec-baltic,/organization/grabcad,184396,2010-01-01
/organization/ff-angel-llc,/organization/carwoo,21428,2010-01-01
/person/dustin-moskovitz,/organization/top-prospect,0,2010-01-01
/person/kenneth-g-langone-2,/organization/relationship-science,8571428,2010-01-01
/organization/alliance-of-angels,/organization/sash-senior-home-sale-services,0,2010-01-01
/person/matt-cutts,/organization/cardpool,0,2010-01-01
/person/brian-matthews,/organization/adjudica,500000,2010-01-01
/person/kash-rehman,/organization/foodem,200000,2010-01-01
/person/david-samuel,/organization/cardpool,0,2010-01-01
/person/ron-conway,/organization/cardpool,0,2010-01-01
/person/shana-fisher,/organization/pinterest,38461,2010-01-01
/person/robert-dighero,/organization/picklive,0,2010-01-01
/person/kerim-baran,/organization/wisestamp,0,2010-01-01
/organization/mentortech-ventures,/organization/innova-dynamics,0,2010-01-01
/organization/madison-angels,/organization/futureadvisor,142857,2010-01-01
/person/david-zwick,/organization/redca,250000,2010-01-01
/organization/vantagepoint-capital-partners,/organization/better-place,116666666,2010-01-01
/person/paul-buchheit,/organization/carwoo,21428,2010-01-01
/organization/radwebtech,/organization/art-sy,25000,2010-01-01
/organization/nexus-venture-partners,/organization/cloud-com,3666666,2010-01-01
/organization/ata-ventures,/organization/orbit-media,166666,2010-01-01
/organization/founder-collective,/organization/1000memories,7500,2010-01-01
/person/joel-yarmon,/organization/identified-com,88235,2010-01-01
/organization/altos-ventures,/organization/orbit-media,166666,2010-01-01
/organization/kicklabs,/organization/real-gravity,0,2010-01-01
/person/simon-gelfand,/organization/wisestamp,0,2010-01-01
/organization/kicklabs,/organization/formative-labs,0,2010-01-01
/person/jeff-fluhr,/organization/cardpool,0,2010-01-01
/person/reid-hoffman,/organization/shopkick,833333,2010-01-01
/person/tasso-argyros,/organization/small-demons,125000,2010-01-01
/person/brian-okelley,/organization/paperg,1350000,2010-01-01
/organization/caixa-capital-2,/organization/biosurfit,0,2010-01-01
/person/dave-mcclure,/organization/gengo,0,2010-01-01
/person/joel-peterson,/organization/identified-com,88235,2010-01-01
/person/kerim-baran,/organization/civicsolar,75833,2010-01-01
/organization/finance-south-east,/organization/datasift,750000,2010-01-01
/person/nils-johnson,/organization/cardpool,0,2010-01-01
/person/bernardo-huberman,/organization/healthtap,0,2010-01-01
/organization/madison-angels,/organization/healthagen,1500000,2010-01-01
/person/jeff-fluhr,/organization/rise-art,0,2010-01-01
/organization/foundation-equity-corp,/organization/seek-your-own-proof,952273,2010-01-01
/organization/stageone-ventures,/organization/revenue-assurance-cvidya,2000000,2010-01-01
/person/fadi-ali-ghandour,/organization/identified-com,88235,2010-01-01
/organization/madison-angels,/organization/cardpool,0,2010-01-01
/organization/alliance-of-angels,/organization/limeade,2993894,2010-01-01
/organization/copec-uc,/organization/sirve-s-a,0,2010-01-01
/person/ben-ling,/organization/futureadvisor,142857,2010-01-01
/person/stefan-glaenzer,/organization/picklive,0,2010-01-01
/organization/saif-partners,/organization/nanomed-skincare-inc-suzhou-natong,0,2010-01-01
/organization/azione-capital-pte-ltd,/organization/dealping,25000,2010-01-01
/person/ariel-poler,/organization/civicsolar,75833,2010-01-01
/person/joshua-schachter,/organization/carwoo,21428,2010-01-01
/person/raj-sandhu,/organization/cardpool,0,2010-01-01
/organization/ff-venture-capital,/organization/identified-com,88235,2010-01-01
/organization/fast-lane-ventures,/organization/sapato-ru,3000000,2010-01-01
/organization/carmel-ventures,/organization/revenue-assurance-cvidya,2000000,2010-01-01
/organization/y-combinator,/organization/simperium,0,2010-01-01
/organization/ipv-capital,/organization/brite-semiconductor,3975000,2010-01-01
/organization/neostella-capital,/organization/kii,0,2010-01-01
/person/chamath-palihapitiya,/organization/top-prospect,0,2010-01-01
/person/michael-walrath,/organization/moat,750000,2010-01-01
/organization/china-growth-capital,/organization/goumin-com,0,2010-01-01
/person/m-cem-sertoglu,/organization/civicsolar,75833,2010-01-01
/person/marc-simoncini,/organization/scoville,133333,2010-01-01
/person/noah-goodhart,/organization/moat,750000,2010-01-01
/organization/mci-management,/organization/medcasco,0,2010-01-01
/organization/great-oaks-venture-capital,/organization/carwoo,21428,2010-01-01
/person/sam-altman,/organization/carwoo,21428,2010-01-01
/organization/kortschak-investments-l-p,/organization/hitpost,0,2010-01-01
/organization/mci-management,/organization/ebroker-pl,0,2010-01-01
/organization/vaux-les-ventures,/organization/trustcloud,500000,2010-01-01
/organization/y-combinator,/organization/launchhear,0,2010-01-01
/organization/alliance-of-angels,/organization/meteor-solutions,0,2010-01-01
/organization/seventysix-capital,/organization/visibiz,1150000,2010-01-01
/organization/brainstoventures,/organization/hengzhi,200000,2010-01-01
/person/jeremy-stoppelman,/organization/pinterest,38461,2010-01-01
/person/eyal-halimi,/organization/wisestamp,0,2010-01-01
/person/lei-jun,/organization/koudai,0,2010-01-01
/organization/asiavest-partners,/organization/isoftstone,0,2010-01-01
/organization/great-oaks-venture-capital,/organization/futureadvisor,142857,2010-01-01
/person/fabrice-grinda,/organization/wisestamp,0,2010-01-01
/person/gabor-cselle,/organization/notifo,0,2010-01-01
/person/colton-daines,/organization/hitpost,0,2010-01-01
/organization/h-farm,/organization/takeacoder,0,2010-01-01
/person/brian-cohen,/organization/pinterest,38461,2010-01-01
/person/samih-toukan,/organization/identified-com,88235,2010-01-01
/organization/eesti-arengufond,/organization/grabcad,184396,2010-01-01
/person/stanley-f-druckenmiller,/organization/relationship-science,8571428,2010-01-01
/organization/fraunhofer-venture-gruppe,/organization/audanika,0,2010-01-01
/organization/star-ventures,/organization/revenue-assurance-cvidya,2000000,2010-01-01
/person/mark-goines,/organization/civicsolar,75833,2010-01-01
/person/gideon-yu,/organization/hitpost,0,2010-01-01
/organization/conceptual-pathways-inc,/organization/buildcircle,38095,2010-01-01
/person/keith-rabois,/organization/hitpost,0,2010-01-01
/person/andrew-busey,/organization/plerts,0,2010-01-01
/organization/insight-venture-partners,/organization/digital-room-inc,0,2010-01-01
/person/stefan-glaenzer,/organization/bouf,68939,2010-01-01
/organization/i-o-ventures,/organization/dapt,0,2010-01-01
/organization/tomorrow-ventures,/organization/nova-medical-centers,0,2010-01-01
/organization/y-combinator,/organization/embed-ly,0,2010-01-01
/organization/trustbridge-partners,/organization/qihoo-360-technology,200000,2010-01-01
/person/robert-dighero,/organization/bouf,68939,2010-01-01
/person/varsha-rao,/organization/identified-com,88235,2010-01-01
/organization/jafco-co-ltd,/organization/kii,0,2010-01-01
/person/edward-koller,/organization/ology-media,500000,2010-01-01
/person/joshua-stylman,/organization/hitpost,0,2010-01-01
/person/ron-conway,/organization/top-prospect,0,2010-01-01
/organization/benchmark,/organization/demandforce,0,2010-01-01
/person/naval-ravikant,/organization/cardpool,0,2010-01-01
/organization/oriza-holdings,/organization/beiang-technology,0,2010-01-01
/organization/i-o-ventures,/organization/apprats,0,2010-01-01
/organization/y-combinator,/organization/1000memories,7500,2010-01-01
/organization/polaris-partners,/organization/free-clear,3333333,2010-01-01
/person/founders-anonymous,/organization/trulioo,300000,2010-01-01
/organization/capital-factory,/organization/swimtopia,0,2010-01-01
/person/jon-ferrara,/organization/nimble-crm,2000000,2010-01-01
/person/jeff-fluhr,/organization/carwoo,21428,2010-01-01
/person/hugh-crean,/organization/room77,428571,2010-01-01
/organization/angelpad,/organization/rollcall-roll-to,500000,2010-01-01
/person/sizhao-yang,/organization/identified-com,88235,2010-01-01
/organization/sirius-venture-partners,/organization/placetel,0,2010-01-01
/organization/launchcapital,/organization/paperg,1350000,2010-01-01
/organization/confrapar,/organization/canal-do-credito,0,2010-01-01
/organization/ipv-capital,/organization/isoftstone,0,2010-01-01
/person/naftali-bennett,/organization/wisestamp,0,2010-01-01
/person/alfred-lin,/organization/cardpool,0,2010-01-01
/person/mauricio-alvarez,/organization/zangzing,500000,2010-01-01
/organization/portugal-ventures,/organization/pharma-73,430099,2010-01-01
/person/unnamed-angel-investors,/organization/beefirst-in,9522,2010-01-01
/organization/innosight-ventures,/organization/village-laundry-service,0,2010-01-01
/person/nicholas-chan,/organization/asker,25000,2010-01-01
/organization/idg-capital-partners,/organization/dovo,0,2010-01-01
/organization/motorola-solutions,/organization/rcdb,5000000,2010-01-01
/organization/zero2ipo-ventures,/organization/19pay,3115000,2010-01-01
/organization/founder-collective,/organization/cardpool,0,2010-01-01
/person/ronald-o-perelman,/organization/relationship-science,8571428,2010-01-01
/organization/seedcamp,/organization/scoville,133333,2010-01-01
/organization/index-ventures,/organization/cloud-com,3666666,2010-01-01
/organization/smic,/organization/brite-semiconductor,3975000,2010-01-01
/person/mitch-kapor,/organization/stumpwise,0,2010-01-01
/organization/new-york-angels,/organization/pinterest,38461,2010-01-01
/person/ram-shriram,/organization/inkling-systems,308333,2010-01-01
/organization/startup-factory,/organization/united-parents-online-ltd,450000,2010-01-01
/person/ortwin-kartmann,/organization/shopgate,200000,2010-01-01
/person/nicholas-chan,/organization/dealping,25000,2010-01-01
/organization/felicis-ventures,/organization/civicsolar,75833,2010-01-01
/person/mitch-kapor,/organization/cardpool,0,2010-01-01
/organization/i-o-ventures,/organization/appbistro,0,2010-01-01
/person/vinod-khosla,/organization/vittana,0,2010-01-01
/organization/sv-angel,/organization/cardpool,0,2010-01-01
/person/mazy-dar,/organization/small-demons,125000,2010-01-01
/organization/mitsubishi-ufj-capital,/organization/kii,0,2010-01-01
/organization/azione-capital-pte-ltd,/organization/go-world,25000,2010-01-01
/person/paul-buchheit,/organization/cardpool,0,2010-01-01
/person/ben-ling,/organization/hitpost,0,2010-01-01
/person/fritz-lanman,/organization/pinterest,38461,2010-01-01
/organization/rogers-communications-inc,/organization/scribblelive,0,2010-01-01
/organization/telegraph-hill-capital,/organization/me911,1250000,2010-01-01
/organization/creathor-venture-management,/organization/joiz,0,2010-01-01
/organization/atomico,/organization/grows-up,0,2010-01-01
/person/rich-barton,/organization/decide-com,1250000,2010-01-01
/organization/spark-capital,/organization/top-prospect,0,2010-01-01
/organization/y-combinator,/organization/opzi,15000,2010-01-01
/person/lukasz-gadowski,/organization/imedo,0,2010-01-01
/organization/naspers,/organization/buzzcity,0,2010-01-01
/organization/rogers-corp,/organization/scribblelive,0,2010-01-01
/person/david-feinberg,/organization/ology-media,500000,2010-01-01
/organization/accelmed,/organization/medical-compression-systems,0,2010-01-01
/organization/bluerun-ventures,/organization/keduo,6600000,2010-01-01
/organization/sequoia-capital,/organization/19pay,3115000,2010-01-01
/person/joe-lonsdale,/organization/badgeville,125000,2010-01-01
/person/confidential-information,/organization/mobipixie,1000000,2010-01-01
/organization/ben-franklin-technology-partners-of-southeastern-pennsylvania,/organization/coldlight-solutions,1000000,2010-01-01
/organization/kitven-fund,/organization/mitra-biotech,733333,2010-01-01
/person/jonah-goodhart,/organization/moat,750000,2010-01-01
/organization/kicklabs,/organization/gamecrush,0,2010-01-01
/organization/kicklabs,/organization/metricly,0,2010-01-01
/person/charles-jarvis,/organization/bouf,68939,2010-01-01
/person/rick-thompson,/organization/top-prospect,0,2010-01-01
/person/tim-ferriss,/organization/vittana,0,2010-01-01
/person/nicholas-chan,/organization/go-world,25000,2010-01-01
/person/mayank-bawa,/organization/small-demons,125000,2010-01-01
/person/maynard-webb,/organization/badgeville,125000,2010-01-01
/organization/viola-credit,/organization/siano-mobile-silicon,10000000,2010-01-01
/organization/national-geographic,/organization/networked-organisms,0,2010-01-01
/person/sky-dayton,/organization/identified-com,88235,2010-01-01
/person/unnamed-angel-investors,/organization/emergentdetection,48000,2010-01-01
/person/john-ason,/organization/ology-media,500000,2010-01-01
/person/zohar-gilon,/organization/wisestamp,0,2010-01-01
/organization/mitsui-ventures,/organization/isoftstone,0,2010-01-01
/person/michael-keriokos,/organization/ology-media,500000,2010-01-01
/person/fabrice-grinda,/organization/captalis-com,0,2010-01-01
/person/gil-penchina,/organization/healthtap,0,2010-01-01
/organization/palo-alto-venture-partners,/organization/demandforce,0,2010-01-01
/person/peter-m-cooper,/organization/redca,250000,2010-01-01
/organization/primer,/organization/wit-studio,25823,2010-01-01
/organization/jumpstart-foundry,/organization/nextgxdx,0,2010-01-01
/organization/ndrc,/organization/silvercloud-health,0,2010-01-01
/organization/fenox-venture-capital,/organization/kii,0,2010-01-01
/person/william-lohse,/organization/pinterest,38461,2010-01-01
/organization/kyowa-hakko-kirin,/organization/dicerna-pharmaceuticals,124000000,2010-01-04
/organization/glynn-capital-management,/organization/quantcast,6320000,2010-01-04
/person/chris-sacca,/organization/graphicly,150000,2010-01-04
/organization/polaris-partners,/organization/quantcast,6320000,2010-01-04
/person/jean-case,/organization/livingsocial,1666666,2010-01-04
/organization/alphalab,/organization/offermint,25000,2010-01-04
/organization/norwest-venture-partners,/organization/amcom-software,0,2010-01-04
/organization/kgc-capital,/organization/charles-schwab,3089383,2010-01-04
/organization/northstar-ventures,/organization/graphicly,150000,2010-01-04
/organization/revolution-ventures,/organization/quantcast,6320000,2010-01-04
/organization/split-rock-partners,/organization/amcom-software,0,2010-01-04
/organization/amadeus-capital-partners,/organization/onedrum,1614202,2010-01-04
/organization/kleiner-perkins-caufield-byers,/organization/verdiem,2356484,2010-01-04
/organization/cisco,/organization/quantcast,6320000,2010-01-04
/person/jake-nickell,/organization/graphicly,150000,2010-01-04
/person/dave-mcclure,/organization/graphicly,150000,2010-01-04
/organization/talon-capital-partners,/organization/charles-schwab,3089383,2010-01-04
/person/paige-craig,/organization/graphicly,150000,2010-01-04
/person/david-cohen,/organization/graphicly,150000,2010-01-04
/organization/starz-media,/organization/graphicly,150000,2010-01-04
/organization/founders-fund,/organization/quantcast,6320000,2010-01-04
/organization/catamount-ventures,/organization/verdiem,2356484,2010-01-04
/organization/ontario-centres-of-excellence,/organization/regen-energy,482000,2010-01-05
/organization/thomas-mcnerney-partners,/organization/intuity-medical,10666666,2010-01-05
/organization/bestbuy,/organization/sibeam,0,2010-01-05
/organization/vi-partners,/organization/cequr,7400000,2010-01-05
/organization/lightspeed-venture-partners,/organization/pliant-technology,6825001,2010-01-05
/organization/khosla-ventures,/organization/nordic-windpower,6333333,2010-01-05
/organization/schroders-private-bank,/organization/cequr,7400000,2010-01-05
/organization/global-catalyst-partners,/organization/ikoa,750000,2010-01-05
/organization/i2bf,/organization/nordic-windpower,6333333,2010-01-05
/organization/ontario-centres-of-excellence,/organization/skymeter,482000,2010-01-05
/organization/endeavour-vision,/organization/cequr,7400000,2010-01-05
/organization/novus-energy,/organization/nordic-windpower,6333333,2010-01-05
/organization/greylock,/organization/rally-software,8000000,2010-01-05
/organization/ontario-centres-of-excellence,/organization/c2c-link,482000,2010-01-05
/organization/menlo-ventures,/organization/pliant-technology,6825001,2010-01-05
/organization/new-enterprise-associates,/organization/nordic-windpower,6333333,2010-01-05
/organization/bmc-ventures,/organization/cequr,7400000,2010-01-05
/organization/ontario-centres-of-excellence,/organization/ipeak-networks,482000,2010-01-05
/organization/foundation-medical-partners,/organization/circulite,8125000,2010-01-05
/organization/ontario-centres-of-excellence,/organization/nulogy,482000,2010-01-05
/organization/omnes-capital,/organization/circulite,8125000,2010-01-05
/organization/divergent-ventures,/organization/pliant-technology,6825001,2010-01-05
/organization/paul-capital-healthcare,/organization/phase-iii-development,100000000,2010-01-05
/organization/pulsar-energy-capital,/organization/nordic-windpower,6333333,2010-01-05
/organization/arcturus-capital,/organization/pliant-technology,6825001,2010-01-05
/organization/emergent-medical-partners,/organization/intuity-medical,10666666,2010-01-05
/organization/ontario-centres-of-excellence,/organization/kneebone,482000,2010-01-05
/organization/oxford-bioscience-partners,/organization/circulite,8125000,2010-01-05
/organization/impax-asset-management,/organization/nordic-windpower,6333333,2010-01-05
/organization/advantage-capital-partners,/organization/allen-brothers,7100000,2010-01-06
/organization/triton-ventures,/organization/innovalight,2250000,2010-01-06
/organization/harris-harris-group,/organization/innovalight,2250000,2010-01-06
/organization/calera-capital,/organization/rock-it-cargo,0,2010-01-06
/organization/e-synergy,/organization/lovestruck-com,465000,2010-01-06
/organization/sequoia-capital,/organization/acton-pharmaceuticals,15000000,2010-01-06
/organization/edb-investments,/organization/innovalight,2250000,2010-01-06
/organization/turnstone-capital-management,/organization/morgan-solar,2733333,2010-01-06
/person/mark-goines,/organization/practice-fusion,836666,2010-01-06
/organization/arch-venture-partners,/organization/innovalight,2250000,2010-01-06
/person/shervin-pishevar,/organization/space-pencil,130185,2010-01-06
/person/david-wu,/organization/practice-fusion,836666,2010-01-06
/organization/vertex-venture-capital,/organization/innovalight,2250000,2010-01-06
/organization/apax-partners,/organization/innovalight,2250000,2010-01-06
/organization/iberdrola,/organization/morgan-solar,2733333,2010-01-06
/organization/edison-ventures,/organization/tradertools,2300000,2010-01-06
/organization/salt-lake-life-science-angels,/organization/visualshare,0,2010-01-06
/organization/nanodimension,/organization/sba-materials,5157425,2010-01-06
/organization/salesforce-ventures,/organization/practice-fusion,836666,2010-01-06
/organization/sevin-rosen-funds,/organization/innovalight,2250000,2010-01-06
/organization/nypro,/organization/morgan-solar,2733333,2010-01-06
/organization/dag-ventures,/organization/aggregateknowledge,3000000,2010-01-06
/organization/constellation-growth-capital,/organization/hibernia-atlantic,13400000,2010-01-06
/organization/convexa-capital-ventures,/organization/innovalight,2250000,2010-01-06
/organization/dfj-athena,/organization/precursor-energetics,2000005,2010-01-06
/organization/salt-lake-life-science-angels,/organization/medipropharma,0,2010-01-06
/person/michael-dougherty,/organization/jelli,153846,2010-01-07
/person/emil-michael,/organization/jelli,153846,2010-01-07
/person/sanu-desai,/organization/jelli,153846,2010-01-07
/person/gary-clayton,/organization/jelli,153846,2010-01-07
/person/romi-mahajan,/organization/jelli,153846,2010-01-07
/organization/maven-capital-partners,/organization/qire,0,2010-01-07
/organization/first-round-capital,/organization/packlate-com,171250,2010-01-07
/organization/andromeda-capital,/organization/therasim,1250000,2010-01-07
/organization/inventure-oy,/organization/rightware-oy,2145600,2010-01-07
/organization/medtronic,/organization/microchips,1833333,2010-01-07
/organization/polaris-partners,/organization/microchips,1833333,2010-01-07
/organization/seventysix-capital,/organization/packlate-com,171250,2010-01-07
/organization/wheb-partners,/organization/passivsystems,0,2010-01-07
/organization/interwest-partners,/organization/microchips,1833333,2010-01-07
/organization/dublin-business-innovation-centre,/organization/terminalfour,763333,2010-01-07
/person/peter-sperling,/organization/jelli,153846,2010-01-07
/organization/csk-venture-capital,/organization/microchips,1833333,2010-01-07
/organization/sandbox-industries,/organization/bloom,2500000,2010-01-07
/organization/saints-capital,/organization/microchips,1833333,2010-01-07
/organization/rivervest,/organization/salient-surgical-technologies,5000000,2010-01-07
/organization/intersouth-partners,/organization/microchips,1833333,2010-01-07
/organization/medtronic,/organization/gi-dynamics,15000000,2010-01-07
/person/alfred-lin,/organization/jelli,153846,2010-01-07
/organization/bluecross-blueshield-venture-partners,/organization/bloom,2500000,2010-01-07
/organization/firstmark-capital,/organization/packlate-com,171250,2010-01-07
/organization/arnerich-massena-associates,/organization/salient-surgical-technologies,5000000,2010-01-07
/organization/flybridge-capital,/organization/microchips,1833333,2010-01-07
/organization/novartis-venture-fund,/organization/microchips,1833333,2010-01-07
/organization/prime-partners-asia-merchant-capital,/organization/halosource,10000000,2010-01-07
/organization/osi-investment-management,/organization/phasebio-pharmaceuticals,5000000,2010-01-07
/organization/triplepoint-capital,/organization/jelli,153846,2010-01-07
/person/jeff-cavins,/organization/jelli,153846,2010-01-07
/organization/genacast-ventures,/organization/packlate-com,171250,2010-01-07
/organization/medtronic,/organization/salient-surgical-technologies,5000000,2010-01-07
/person/manny-rivelo,/organization/jelli,153846,2010-01-07
/person/paul-noglows,/organization/jelli,153846,2010-01-07
/person/jateen-parekh,/organization/jelli,153846,2010-01-07
/organization/enterprise-equity-limited,/organization/terminalfour,763333,2010-01-07
/organization/yahoo,/organization/geekstatus,240000,2010-01-07
/organization/ncb-ventures,/organization/terminalfour,763333,2010-01-07
/organization/care-capital,/organization/microchips,1833333,2010-01-07
/organization/tudor-ventures,/organization/virtify,7500040,2010-01-08
/organization/sacramento-angels,/organization/reframe-it,766666,2010-01-08
/organization/slater-technology-fund,/organization/dynadec,1000000,2010-01-08
/person/allen-levinson,/organization/seatgeek,55000,2010-01-08
/organization/liberty-capital-partners,/organization/dynadec,1000000,2010-01-08
/organization/lurie-investment-fund,/organization/discera,3666666,2010-01-08
/organization/ventech-capital,/organization/eyegate-pharmaceuticals,5650000,2010-01-08
/organization/blue-cloud-ventures,/organization/virtify,7500040,2010-01-08
/organization/maven-capital-partners,/organization/paver-downes-associates,1040000,2010-01-08
/organization/the-dow-chemical-company,/organization/nuvosun,5859444,2010-01-08
/person/thomas-lehrman,/organization/seatgeek,55000,2010-01-08
/organization/innoven-partenaires,/organization/eyegate-pharmaceuticals,5650000,2010-01-08
/person/arie-abecassis,/organization/seatgeek,55000,2010-01-08
/person/kal-vepuri,/organization/seatgeek,55000,2010-01-08
/organization/natixis-private-equity,/organization/eyegate-pharmaceuticals,5650000,2010-01-08
/person/sunil-hirani,/organization/seatgeek,55000,2010-01-08
/organization/keating-capital,/organization/neophotonics,8890600,2010-01-08
/organization/medicis-capital,/organization/eyegate-pharmaceuticals,5650000,2010-01-08
/organization/sierra-angels,/organization/reframe-it,766666,2010-01-08
/organization/north-bay-angels,/organization/reframe-it,766666,2010-01-08
/person/mark-wachen,/organization/seatgeek,55000,2010-01-08
/organization/polaris-partners,/organization/phytel,14200000,2010-01-09
/organization/viola-credit,/organization/eci-telecom,32500000,2010-01-10
/organization/bonanza-invest,/organization/yast,40000,2010-01-10
/organization/founders-co-op,/organization/oneforty,220000,2010-01-11
/organization/medavinci,/organization/fabpulous,0,2010-01-11
/organization/artis,/organization/oorja-protonics,75000,2010-01-11
/person/rich-miner,/organization/oneforty,220000,2010-01-11
/organization/star-ventures,/organization/siano-mobile-silicon,4800000,2010-01-11
/organization/sequoia-capital,/organization/oorja-protonics,75000,2010-01-11
/organization/northshore-partners,/organization/oorja-protonics,75000,2010-01-11
/organization/nv-industriebank-liof,/organization/fabpulous,0,2010-01-11
/organization/techstars,/organization/oneforty,220000,2010-01-11
/organization/dfj-tamir-fishman-ventures,/organization/siano-mobile-silicon,4800000,2010-01-11
/person/bert-amato,/organization/wattpad,0,2010-01-11
/organization/highland-credit-strategies-fund,/organization/dfine-inc,700000,2010-01-11
/person/roger-ehrenberg,/organization/oneforty,220000,2010-01-11
/organization/medventures-associates,/organization/neuralieve,3900000,2010-01-11
/person/lee-hower,/organization/oneforty,220000,2010-01-11
/organization/ta-associates,/organization/ecircle,87168000,2010-01-11
/organization/bessemer-venture-partners,/organization/siano-mobile-silicon,4800000,2010-01-11
/person/dave-mcclure,/organization/oneforty,220000,2010-01-11
/organization/spring-ventures,/organization/oorja-protonics,75000,2010-01-11
/organization/catapult-venture-managers,/organization/intellitect-water-holdings,1615000,2010-01-11
/organization/launchcapital,/organization/helix-therapeutics,600000,2010-01-11
/person/harvey-beck,/organization/wattpad,0,2010-01-11
/organization/sterling-capital-management,/organization/dfine-inc,700000,2010-01-11
/organization/pemberstone-group,/organization/intellitect-water-holdings,1615000,2010-01-11
/organization/walden-israel-venture-capital,/organization/siano-mobile-silicon,4800000,2010-01-11
/organization/globalscape,/organization/coretrace,5277777,2010-01-11
/person/andy-sack,/organization/oneforty,220000,2010-01-11
/organization/javelin-venture-partners,/organization/oneforty,220000,2010-01-11
/organization/mckenna-management,/organization/oorja-protonics,75000,2010-01-11
/organization/flybridge-capital,/organization/oneforty,220000,2010-01-11
/person/alan-levine,/organization/wattpad,0,2010-01-11
/organization/neu-venture-capital,/organization/flurry,1400000,2010-01-12
/organization/raven-venture-partners,/organization/tabbedout,166666,2010-01-12
/organization/camden-partners,/organization/incentone,0,2010-01-12
/organization/quaker-bioventures,/organization/bioleap,2500000,2010-01-12
/organization/safeguard-scientifics,/organization/molecular-biometrics,4166666,2010-01-12
/organization/oxford-bioscience-partners,/organization/molecular-biometrics,4166666,2010-01-12
/organization/newspring-capital,/organization/precyse,510000,2010-01-12
/organization/gabriel-venture-partners,/organization/iforem,2000000,2010-01-12
/organization/ta-associates,/organization/micromax-informatics,45000000,2010-01-12
/organization/altaris-capital-partners,/organization/precyse,510000,2010-01-12
/organization/intel-capital,/organization/spectrawatt,13800000,2010-01-12
/organization/trellis-partners,/organization/tabbedout,166666,2010-01-12
/person/angel-syndicate,/organization/tabbedout,166666,2010-01-12
/organization/pacific-corporate-group,/organization/spectrawatt,13800000,2010-01-12
/organization/goldman-sachs,/organization/spectrawatt,13800000,2010-01-12
/organization/adams-capital-management,/organization/bioleap,2500000,2010-01-12
/organization/atlas-venture,/organization/molecular-biometrics,4166666,2010-01-12
/organization/pasadena-angels,/organization/ondax,500000,2010-01-13
/organization/mmv-financial,/organization/correctnet,3000000,2010-01-13
/organization/tech-coast-angels,/organization/ondax,500000,2010-01-13
/organization/prospector-equity-capital,/organization/ondax,500000,2010-01-13
/organization/veddis-ventures,/organization/bright-things,800000,2010-01-13
/organization/arcturus-capital,/organization/ondax,500000,2010-01-13
/organization/dlb-capital,/organization/hightower-advisors,50000000,2010-01-13
/organization/new-river-management,/organization/synchrony,10000000,2010-01-13
/organization/pond-ventures,/organization/broadway-com,954000,2010-01-13
/organization/asset-management-ventures,/organization/hightower-advisors,50000000,2010-01-13
/person/ariel-poler,/organization/blippy-social-commerce,173122,2010-01-14
/person/travis-kalanick,/organization/blippy-social-commerce,173122,2010-01-14
/organization/investcorp-gulf-investments,/organization/csidentity,35000000,2010-01-14
/organization/redpoint-ventures,/organization/impact-radius,6000000,2010-01-14
/organization/brandenburg-capital,/organization/ebs-technologies,1448600,2010-01-14
/organization/aamigoo-com,/organization/peerz,72430,2010-01-14
/organization/seventure-partners,/organization/presto-engineering,2000000,2010-01-14
/organization/quantum-technology-partners,/organization/vaxart,1750000,2010-01-14
/organization/tpg-growth,/organization/virobay,100000,2010-01-14
/organization/draper-fisher-jurvetson,/organization/draytek-technologies,350000,2010-01-14
/organization/veddis-ventures,/organization/socialgo,800000,2010-01-14
/organization/ho2,/organization/peerz,72430,2010-01-14
/person/brian-pokorny,/organization/blippy-social-commerce,173122,2010-01-14
/organization/sidbi-venture-capital,/organization/circuitsutra-technologies,198000,2010-01-14
/organization/earlybird-venture-capital,/organization/ebs-technologies,1448600,2010-01-14
/person/james-hong,/organization/blippy-social-commerce,173122,2010-01-14
/organization/sv-angel,/organization/blippy-social-commerce,173122,2010-01-14
/person/philip-kaplan,/organization/blippy-social-commerce,173122,2010-01-14
/organization/triangle-capital-corporation,/organization/zoomsystems,8000000,2010-01-14
/organization/summit-partners,/organization/netwitness,5689647,2010-01-14
/person/jason-calacanis,/organization/blippy-social-commerce,173122,2010-01-14
/organization/plug-and-play-ventures,/organization/micello-inc,0,2010-01-14
/organization/life-science-angels,/organization/vaxart,1750000,2010-01-14
/organization/sequoia-capital,/organization/blippy-social-commerce,173122,2010-01-14
/person/evan-williams,/organization/blippy-social-commerce,173122,2010-01-14
/organization/sfr-development,/organization/eyeka,1085000,2010-01-15
/organization/redpoint-ventures,/organization/sparkplay-media,1400000,2010-01-15
/organization/battelle-ventures,/organization/hepregen,500000,2010-01-15
/organization/prism-venture-management,/organization/sparkplay-media,1400000,2010-01-15
/organization/bdc-venture-capital,/organization/switch-materials,1875000,2010-01-15
/organization/pangaea-ventures,/organization/switch-materials,1875000,2010-01-15
/organization/charles-river-ventures,/organization/performable,3000000,2010-01-15
/organization/dn-capital,/organization/eyeka,1085000,2010-01-15
/organization/i-source-gestion,/organization/eyeka,1085000,2010-01-15
/organization/ventech-capital,/organization/eyeka,1085000,2010-01-15
/organization/boox,/organization/trigger-io,129400,2010-01-15
/person/stefan-glaenzer,/organization/smarkets,0,2010-01-15
/organization/best-buy-capital,/organization/avnera,1111111,2010-01-15
/organization/growthworks,/organization/switch-materials,1875000,2010-01-15
/organization/edmond-de-rothschild-venture-capital,/organization/smile,3593500,2010-01-15
/organization/ventures-west,/organization/switch-materials,1875000,2010-01-15
/organization/japan-asia-investment,/organization/dnp-green-technology,2000000,2010-01-17
/organization/maverick-capital,/organization/nodality,1166666,2010-01-17
/organization/mercury-fund,/organization/vertos-medical,3100000,2010-01-17
/organization/fulcrum-ventures,/organization/centice,1220000,2010-01-17
/organization/tpg-growth,/organization/nodality,1166666,2010-01-17
/organization/the-aurora-funds,/organization/centice,1220000,2010-01-17
/organization/newva-capital-partners,/organization/keraderm,2500000,2010-01-17
/organization/imperial-innovations,/organization/bioceramic-therapeutics,950000,2010-01-17
/organization/innovation-ventures,/organization/centice,1220000,2010-01-17
/organization/aweida-venture-partners,/organization/vertos-medical,3100000,2010-01-17
/organization/chl-medical-partners,/organization/vertos-medical,3100000,2010-01-17
/organization/novo-ventures,/organization/tarsa-therapeutics,8000000,2010-01-17
/organization/s-group-capital-management,/organization/centice,1220000,2010-01-17
/organization/novak-biddle-venture-partners,/organization/centice,1220000,2010-01-17
/organization/toyota,/organization/dnp-green-technology,2000000,2010-01-17
/organization/touradji-capital-management,/organization/dnp-green-technology,2000000,2010-01-17
/organization/mitsui-ventures,/organization/dnp-green-technology,2000000,2010-01-17
/organization/longbow-capital,/organization/bioceramic-therapeutics,950000,2010-01-17
/organization/samsung-ventures,/organization/dnp-green-technology,2000000,2010-01-17
/organization/foundation-medical-partners,/organization/vertos-medical,3100000,2010-01-17
/organization/onset-ventures,/organization/vertos-medical,3100000,2010-01-17
/organization/sofinnova-partners,/organization/dnp-green-technology,2000000,2010-01-17
/organization/wellington-partners,/organization/ember,5000000,2010-01-18
/organization/octalfa,/organization/glycode,1077675,2010-01-18
/organization/sofimac-partners,/organization/glycode,1077675,2010-01-18
/organization/etv-capital-sa,/organization/intela,3625000,2010-01-18
/organization/bestport-ventures,/organization/intela,3625000,2010-01-18
/organization/darby-technology-ventures,/organization/prestolite-electric-beijing,33500000,2010-01-18
/organization/alven-capital,/organization/quelle,718450,2010-01-18
/organization/societe-hospitaliere-dassurances-mutuelles,/organization/glycode,1077675,2010-01-18
/organization/growthworks,/organization/sampling-technologies,2000000,2010-01-18
/organization/limousin-participations,/organization/glycode,1077675,2010-01-18
/organization/klein-venture-partners,/organization/vanilla-forums,194174,2010-01-19
/organization/acton-capital-partners,/organization/mytheresa-com,0,2010-01-19
/organization/montreal-start-up,/organization/vanilla-forums,194174,2010-01-19
/organization/seventure-partners,/organization/tradoria,1427900,2010-01-19
/organization/blue-chip-venture-company,/organization/endocyte,5200000,2010-01-19
/organization/leo-capital-holdings,/organization/sway,1000000,2010-01-19
/person/michael-gordon,/organization/picad-media,971666,2010-01-19
/organization/erp-startfonds,/organization/takwak,1784875,2010-01-19
/organization/essex-woodlands-health-ventures,/organization/ikasystems,120000000,2010-01-19
/organization/tenth-avenue-holdings,/organization/attivio,5500000,2010-01-19
/person/kevin-tung,/organization/picad-media,971666,2010-01-19
/organization/kleiner-perkins-caufield-byers,/organization/ogin,11500000,2010-01-19
/organization/dumont-venture,/organization/tradoria,1427900,2010-01-19
/organization/norseman-capital,/organization/vanilla-forums,194174,2010-01-19
/organization/dfj-frontier,/organization/marval-pharma,1250000,2010-01-19
/organization/sanderling-ventures,/organization/endocyte,5200000,2010-01-19
/organization/origin-ventures,/organization/sway,1000000,2010-01-19
/organization/new-atlantic-ventures,/organization/picad-media,971666,2010-01-19
/organization/merck-kgaa,/organization/idera-pharmaceuticals,4300000,2010-01-19
/organization/burrill-co,/organization/endocyte,5200000,2010-01-19
/organization/real-ventures,/organization/vanilla-forums,194174,2010-01-19
/organization/bsi-sa,/organization/globeimmune,8750000,2010-01-19
/organization/american-bailey-ventures,/organization/endocyte,5200000,2010-01-19
/organization/3m-new-ventures,/organization/energy,2000000,2010-01-19
/person/per-olof-sderberg,/organization/attivio,5500000,2010-01-19
/organization/vertis,/organization/belsito-media,928135,2010-01-19
/organization/goldman-sachs,/organization/ogin,11500000,2010-01-19
/organization/lightspeed-venture-partners,/organization/orbis-education,8000000,2010-01-19
/organization/triathlon-medical-venture-partners,/organization/endocyte,5200000,2010-01-19
/organization/triangle-venture-capital-group,/organization/takwak,1784875,2010-01-19
/organization/eonbusiness-venture-capital,/organization/vanilla-forums,194174,2010-01-19
/organization/vantagepoint-capital-partners,/organization/ogin,11500000,2010-01-19
/organization/mercury-fund,/organization/marval-pharma,1250000,2010-01-19
/organization/inventure-oy,/organization/scannanotek,1713480,2010-01-19
/organization/generali-financial-holding,/organization/globeimmune,8750000,2010-01-19
/organization/helion-venture-partners,/organization/sms-gupshup,4000000,2010-01-20
/organization/innovacom,/organization/vedicis,2820000,2010-01-20
/organization/felicis-ventures,/organization/crowdflower,454545,2010-01-20
/organization/frog-capital,/organization/xceleron,0,2010-01-20
/organization/banzai-ventures,/organization/citynews,141320,2010-01-20
/organization/mpm-capital,/organization/endogastric-solutions,3583333,2010-01-20
/person/manu-kumar,/organization/crowdflower,454545,2010-01-20
/organization/life-science-fonds-esslingen,/organization/amedrix,494620,2010-01-20
/organization/u-s-department-of-energy,/organization/uqm-technologies,45100000,2010-01-20
/organization/bessemer-venture-partners,/organization/activ-financial-systems,25000000,2010-01-20
/organization/national-science-foundation,/organization/insite-medical-technologies,100000,2010-01-20
/organization/promethean-investments,/organization/flatfrog-laboratories,6000000,2010-01-20
/organization/redpoint-ventures,/organization/tantalus-systems,13475000,2010-01-20
/organization/founders-fund,/organization/crowdflower,454545,2010-01-20
/person/marcus-ogawa,/organization/crowdflower,454545,2010-01-20
/person/gary-kremen,/organization/crowdflower,454545,2010-01-20
/organization/rainbow-seed-fund,/organization/crescendo-biologics,2433333,2010-01-20
/organization/albion-investors,/organization/xceleron,0,2010-01-20
/person/travis-kalanick,/organization/crowdflower,454545,2010-01-20
/organization/sofinnova-ventures,/organization/crescendo-biologics,2433333,2010-01-20
/organization/globespan-capital-partners,/organization/sms-gupshup,4000000,2010-01-20
/person/christian-dahlen,/organization/buywithme,2750000,2010-01-20
/person/lorenzo-thione,/organization/crowdflower,454545,2010-01-20
/organization/avlar-bioventures,/organization/crescendo-biologics,2433333,2010-01-20
/organization/high-tech-gruenderfonds,/organization/amedrix,494620,2010-01-20
/organization/national-renewable-energy-laboratory,/organization/semprius,8166667,2010-01-21
/organization/u-s-navy,/organization/optics,38000000,2010-01-21
/person/dan-gilbert,/organization/velos-2,541666,2010-01-21
/organization/innovation-capital,/organization/audinate,2000000,2010-01-21
/organization/nueva-ventures,/organization/rixty,177142,2010-01-21
/organization/sapphire-ventures,/organization/rib-software,0,2010-01-21
/organization/austin-ventures,/organization/virtual-bridges,4000000,2010-01-21
/person/david-arcara,/organization/velos-2,541666,2010-01-21
/organization/starfish-ventures,/organization/audinate,2000000,2010-01-21
/person/andrew-boszhardt,/organization/bonobos,1999932,2010-01-21
/organization/stage-one-capital,/organization/bonobos,1999932,2010-01-21
/organization/hasso-plattner-ventures,/organization/rib-software,0,2010-01-21
/organization/pacific-gas-and-electric,/organization/solarcity,60000000,2010-01-21
/organization/dry-creek-ventures,/organization/lucid-design-group,1500000,2010-01-21
/organization/freestyle-capital,/organization/rixty,177142,2010-01-21
/organization/capital-e,/organization/pharmadiagnostics,3700000,2010-01-21
/organization/first-round-capital,/organization/rixty,177142,2010-01-21
/organization/laconia-ventures,/organization/velos-2,541666,2010-01-21
/organization/accelerator-ventures,/organization/rixty,177142,2010-01-21
/person/bob-pasker,/organization/rixty,177142,2010-01-21
/organization/javelin-venture-partners,/organization/rixty,177142,2010-01-21
/organization/mena-venture-investments,/organization/d1g-com,0,2010-01-21
/organization/softtech-vc,/organization/rixty,177142,2010-01-21
/organization/zero2ipo-ventures,/organization/21cake-food-co,732064,2010-01-22
/organization/sequoia-capital,/organization/sanrad,1000000,2010-01-22
/organization/legend-capital,/organization/21cake-food-co,732064,2010-01-22
/organization/7-helath-ventures,/organization/activiews,1666666,2010-01-22
/organization/avalon-ventures,/organization/pictela,1499999,2010-01-22
/organization/borealis-ventures,/organization/adimab,1640000,2010-01-22
/organization/kgc-capital,/organization/hello-music,4000000,2010-01-22
/organization/ofer-hi-tech,/organization/activiews,1666666,2010-01-22
/organization/windcrest-partners,/organization/violin-memory,8317468,2010-01-22
/organization/rad-data-communications,/organization/sanrad,1000000,2010-01-22
/organization/foundation-capital,/organization/sanrad,1000000,2010-01-22
/organization/rationalwave-capital-partners,/organization/violin-memory,8317468,2010-01-22
/organization/neuhaus-partners,/organization/testroom-gmbh,0,2010-01-22
/organization/orbimed-advisors,/organization/adimab,1640000,2010-01-22
/organization/qed-investors,/organization/l2c,4005616,2010-01-22
/organization/evergreen-venture-partners,/organization/activiews,1666666,2010-01-22
/organization/nysbtif,/organization/e2e-materials,680000,2010-01-23
/organization/excell-partners,/organization/e2e-materials,680000,2010-01-23
/organization/rochester-angel-network,/organization/e2e-materials,680000,2010-01-23
/organization/seed-capital-fund,/organization/e2e-materials,680000,2010-01-23
/organization/cayuga-venture-fund,/organization/e2e-materials,680000,2010-01-23
/organization/mena-venture-investments,/organization/twitvid,0,2010-01-24
/organization/changzhou-wujin-hongtu-venture-capital,/organization/ctc-technical-fabrics,0,2010-01-25
/organization/general-catalyst-partners,/organization/laszlosystems,750000,2010-01-25
/organization/changzhou-hongtu-venture-capital,/organization/ctc-technical-fabrics,0,2010-01-25
/organization/zelkova-ventures,/organization/lendkey-technologies-inc,2166666,2010-01-25
/organization/perseus,/organization/cymbet,5166666,2010-01-25
/organization/wi-harper-group,/organization/laszlosystems,750000,2010-01-25
/organization/celtic-pharma,/organization/cantab-biopharmaceuticals,8100000,2010-01-25
/organization/texas-instruments,/organization/cymbet,5166666,2010-01-25
/organization/dfj-gotham-ventures,/organization/lendkey-technologies-inc,2166666,2010-01-25
/organization/cedar-point-capital,/organization/cymbet,5166666,2010-01-25
/organization/inventages-venture-capital-investment-inc,/organization/tanfield-direct-ltd,6452068,2010-01-25
/organization/abrt,/organization/drimmi,2000000,2010-01-25
/organization/helmet-capital,/organization/cymbet,5166666,2010-01-25
/organization/mitsui-ventures,/organization/laszlosystems,750000,2010-01-25
/organization/bekaert,/organization/cymbet,5166666,2010-01-25
/organization/intel-capital,/organization/cymbet,5166666,2010-01-25
/organization/shenzhen-capital-group,/organization/ctc-technical-fabrics,0,2010-01-25
/organization/sofinnova-ventures,/organization/laszlosystems,750000,2010-01-25
/organization/wi-harper-group,/organization/ctc-technical-fabrics,0,2010-01-25
/organization/mangrove-capital-partners,/organization/drimmi,2000000,2010-01-25
/organization/index-ventures,/organization/mimecast,10500000,2010-01-25
/organization/cougar-capital,/organization/emn8,14500000,2010-01-25
/organization/new-venture-partners,/organization/imperative-health,2000000,2010-01-26
/organization/u-s-department-of-energy,/organization/sun-catalytix,4000000,2010-01-26
/organization/veraventure,/organization/xiha,1000000,2010-01-26
/organization/unilever-technology-ventures,/organization/imperative-health,2000000,2010-01-26
/organization/vantagepoint-capital-partners,/organization/allvoices,4225500,2010-01-26
/organization/general-atlantic,/organization/markit,250000000,2010-01-26
/organization/innovation-works,/organization/25eight,25000,2010-01-26
/organization/inventure-oy,/organization/conmio,2000000,2010-01-26
/organization/adams-capital-management,/organization/campaignercrm,4000000,2010-01-27
/organization/cdc-enterprises-2,/organization/adocia,9850400,2010-01-27
/organization/prism-venture-management,/organization/the-receivables-exchange,5666666,2010-01-27
/organization/samurai-incubate,/organization/nokisaki-com,0,2010-01-27
/organization/sanderling-ventures,/organization/neomend,6000000,2010-01-27
/organization/e-ventures,/organization/citydeal-de,1876266,2010-01-27
/organization/avenir-finance,/organization/group-phoebe-ingenica,4221600,2010-01-27
/organization/vivo-ventures,/organization/neomend,6000000,2010-01-27
/organization/osage-university-partners,/organization/campaignercrm,4000000,2010-01-27
/organization/elevation-partners,/organization/yelp,25000000,2010-01-27
/organization/innovacom,/organization/phoneandphone,7950680,2010-01-27
/organization/agf-private-equity-2,/organization/adocia,9850400,2010-01-27
/organization/clarus-ventures,/organization/neomend,6000000,2010-01-27
/organization/prospect-venture-partners,/organization/neomend,6000000,2010-01-27
/organization/cdc-enterprises-2,/organization/group-phoebe-ingenica,4221600,2010-01-27
/organization/holtzbrinck-ventures,/organization/citydeal-de,1876266,2010-01-27
/organization/xange-private-equity,/organization/phoneandphone,7950680,2010-01-27
/organization/plymouth-venture-partners,/organization/v-i-o,4795915,2010-01-27
/organization/novo-ventures,/organization/neomend,6000000,2010-01-27
/organization/rocket-internet,/organization/citydeal-de,1876266,2010-01-27
/organization/veraventure,/organization/songhi-entertainment,0,2010-01-28
/organization/ysios-capital,/organization/cellerix,6283333,2010-01-28
/organization/real-ventures,/organization/beyond-the-rack,1000000,2010-01-28
/organization/roche-venture-fund,/organization/cellerix,6283333,2010-01-28
/person/allen-morgan,/organization/fab-com,156250,2010-01-28
/organization/pasadena-angels,/organization/allylix,1800000,2010-01-28
/organization/life-science-angels,/organization/allylix,1800000,2010-01-28
/organization/novartis-venture-fund,/organization/cellerix,6283333,2010-01-28
/organization/tech-coast-angels,/organization/allylix,1800000,2010-01-28
/organization/bluegrass-angels,/organization/allylix,1800000,2010-01-28
/organization/grupo-genetrix,/organization/cellerix,6283333,2010-01-28
/organization/mpm-capital,/organization/alnara-pharmaceuticals,35000000,2010-01-28
/organization/life-sciences-partners,/organization/cellerix,6283333,2010-01-28
/organization/b-c-advantage-funds,/organization/microvisk-technologies,812383,2010-01-28
/organization/ventech-capital,/organization/cellerix,6283333,2010-01-28
/organization/persistence-partners,/organization/bioiq,492942,2010-01-28
/person/lars-hinrichs,/organization/fab-com,156250,2010-01-28
/organization/montreal-start-up,/organization/beyond-the-rack,1000000,2010-01-28
/organization/tech-capital-partners,/organization/avvasi-inc,4679040,2010-01-29
/organization/greenhill-capital-partners,/organization/acrisure,20000000,2010-01-29
/organization/peak-ridge-capital,/organization/rapid-diagnostek,2000000,2010-01-29
/organization/mars-investment-accelerator-fund,/organization/perspecsys,0,2010-01-29
/organization/core-capital,/organization/georgina-goodman,6446713,2010-01-29
/organization/pfizer,/organization/merus,7576555,2010-01-29
/organization/toyota-tsusho,/organization/eurus-energy-holdings,133200000,2010-01-29
/organization/the-texas-emerging-technology-fund,/organization/salient-pharmaceuticals,2000000,2010-01-29
/organization/bain-capital-2,/organization/edgar-online,12000000,2010-01-29
/person/lorenzo-barbantini-scanni,/organization/doochoo,75000,2010-01-29
/person/armando-biondi,/organization/doochoo,75000,2010-01-29
/organization/enspire-capital,/organization/focaltech-systems,0,2010-01-29
/organization/celtic-house-venture-partners,/organization/avvasi-inc,4679040,2010-01-29
/organization/tokyo-electric-power,/organization/eurus-energy-holdings,133200000,2010-01-29
/organization/ontario-emerging-technologies-fund,/organization/avvasi-inc,4679040,2010-01-29
/organization/pfizer-venture-investments,/organization/flexion-therapeutics,9000000,2010-01-29
/organization/mandra-capital,/organization/glamour-sales-holding,6500000,2010-01-30
/organization/ardian,/organization/glamour-sales-holding,6500000,2010-01-30
/organization/hansol-pns,/organization/maulsoup,1350000,2010-01-30
/organization/storm-ventures,/organization/maulsoup,1350000,2010-01-30
/organization/investinor,/organization/santosolve,1833333,2010-01-31
/organization/gatebridge-investments,/organization/ortho-kinematics,666666,2010-01-31
/organization/innovations-kapital,/organization/santosolve,1833333,2010-01-31
/organization/life-sciences-partners,/organization/kreatech-diagnostics,1350000,2010-01-31
/organization/the-texas-emerging-technology-fund,/organization/ortho-kinematics,666666,2010-01-31
/organization/springfondet,/organization/setred,960000,2010-01-31
/organization/ptv-sciences,/organization/ortho-kinematics,666666,2010-01-31
/organization/bouygues-telecom-initiatives,/organization/activnetworks,1735000,2010-01-31
/organization/health-enterprise-partners,/organization/mobilemd,4700000,2010-01-31
/organization/teknoinvest,/organization/santosolve,1833333,2010-01-31
/organization/medinnova,/organization/setred,960000,2010-01-31
/organization/maryland-department-of-business-and-economic-development,/organization/zymetis,1500000,2010-01-31
/organization/alafi-capital,/organization/kreatech-diagnostics,1350000,2010-01-31
/organization/riekeles-finans,/organization/setred,960000,2010-01-31
/organization/oddo-asset-management,/organization/activnetworks,1735000,2010-01-31
/organization/openfund,/organization/listiki,0,2010-02-01
/person/dan-porter,/organization/producteev,237500,2010-02-01
/organization/y-combinator,/organization/gamador,0,2010-02-01
/person/mathew-grodin,/organization/doodledeals-inc,74705,2010-02-01
/person/justin-yoshimura,/organization/zencoder,0,2010-02-01
/person/nihal-mehta,/organization/fixmo,750000,2010-02-01
/person/jeremie-berrebi,/organization/leetchi,108333,2010-02-01
/person/daniel-zumino,/organization/storybox,175000,2010-02-01
/organization/angel-hub,/organization/styletrek,250000,2010-02-01
/organization/openfund,/organization/youscan,0,2010-02-01
/person/james-hong,/organization/doodledeals-inc,74705,2010-02-01
/organization/boxgroup,/organization/doodledeals-inc,74705,2010-02-01
/person/li-ka-shing,/organization/secondmarket,7500000,2010-02-01
/organization/kima-ventures,/organization/leetchi,108333,2010-02-01
/organization/shah-capital-management,/organization/utstarcom,24250000,2010-02-01
/organization/ndrc,/organization/logentries,0,2010-02-01
/organization/temasek,/organization/china-intelligent-transport-system-group,21750000,2010-02-01
/organization/plug-and-play-ventures,/organization/twiki-net,0,2010-02-01
/person/bill-walton,/organization/sparkcloud,0,2010-02-01
/person/kevin-ryan,/organization/mojo-motors,340000,2010-02-01
/organization/innogest-sgr,/organization/cascaad,1000000,2010-02-01
/person/oleg-tscheltzoff,/organization/leetchi,108333,2010-02-01
/person/wgi-group-llc,/organization/doodledeals-inc,74705,2010-02-01
/person/kevin-wendle,/organization/mojo-motors,340000,2010-02-01
/organization/leopard-capital,/organization/acleda-bank,0,2010-02-01
/person/john-ason,/organization/doodledeals-inc,74705,2010-02-01
/person/peter-lehrman,/organization/doodledeals-inc,74705,2010-02-01
/organization/arbor-ventures,/organization/perfect-storm-media,0,2010-02-01
/organization/bridges-ventures,/organization/pre-let-care-homes,0,2010-02-01
/organization/shenzhen-capital-group,/organization/shenzhen-7road-technology-co-ltd,3989751,2010-02-01
/organization/kddi,/organization/fuhu,10749494,2010-02-01
/person/sk-partners,/organization/doodledeals-inc,74705,2010-02-01
/organization/draper-triangle-ventures,/organization/co-exprise,2000000,2010-02-01
/organization/mig-ag,/organization/pdc-biotech,2750000,2010-02-01
/organization/paua-ventures,/organization/producteev,237500,2010-02-01
/organization/ram-max-group,/organization/utstarcom,24250000,2010-02-01
/organization/bridges-ventures,/organization/hct-group,0,2010-02-01
/organization/temasek,/organization/secondmarket,7500000,2010-02-01
/person/sean-parker,/organization/spotify,8069540,2010-02-01
/organization/pelion-venture-partners,/organization/styletrek,250000,2010-02-01
/organization/finnish-industry-investment,/organization/confidex,1880000,2010-02-01
/organization/ndrc,/organization/mygoodpoints,0,2010-02-01
/organization/ndrc,/organization/fieldaware,0,2010-02-01
/organization/maayan-ventures,/organization/b-obvious,500000,2010-02-01
/organization/rhodium,/organization/libox,1000000,2010-02-01
/organization/aura-capital,/organization/confidex,1880000,2010-02-01
/person/confidential-information,/organization/creopoint,0,2010-02-01
/organization/primera-capital,/organization/styletrek,250000,2010-02-01
/person/david-tisch,/organization/doodledeals-inc,74705,2010-02-01
/organization/y-combinator,/organization/zencoder,0,2010-02-01
/organization/israel-electric-corporation,/organization/b-obvious,500000,2010-02-01
/organization/western-technology-investment,/organization/blekko,3000000,2010-02-01
/organization/iconventures,/organization/yodle,3333334,2010-02-01
/organization/idg-capital-partners,/organization/archermind-technology,0,2010-02-01
/organization/tekton-ventures,/organization/doodledeals-inc,74705,2010-02-01
/person/robert-locascio,/organization/doodledeals-inc,74705,2010-02-01
/person/hansi-hansmann,/organization/rensim,0,2010-02-01
/person/marc-henri-magdelenat,/organization/producteev,237500,2010-02-01
/organization/new-value,/organization/silentsoft,710000,2010-02-01
/person/kal-vepuri,/organization/doodledeals-inc,74705,2010-02-01
/organization/rre-ventures,/organization/styletrek,250000,2010-02-01
/organization/preipo,/organization/competitor,3660322,2010-02-01
/organization/momentum-venture-management,/organization/ichange,530000,2010-02-01
/organization/new-schools-venture-fund,/organization/guaranteach,0,2010-02-01
/organization/amadeus-capital-partners,/organization/ambient-industries,450000,2010-02-01
/organization/boldstart-ventures,/organization/doodledeals-inc,74705,2010-02-01
/organization/y-combinator,/organization/answerly,0,2010-02-01
/organization/eden-ventures,/organization/ambient-industries,450000,2010-02-01
/organization/founders-fund,/organization/spotify,8069540,2010-02-01
/organization/edmond-de-rothschild-venture-capital,/organization/pdc-biotech,2750000,2010-02-01
/organization/intel-capital,/organization/china-intelligent-transport-system-group,21750000,2010-02-01
/organization/eps-value-plus,/organization/silentsoft,710000,2010-02-01
/organization/palm-ventures,/organization/producteev,237500,2010-02-01
/person/simon-rothman,/organization/mojo-motors,340000,2010-02-01
/organization/benchmark,/organization/bo-lt,5000000,2010-02-01
/organization/deep-creek-capital,/organization/doodledeals-inc,74705,2010-02-01
/organization/innosight-ventures,/organization/the-mobile-gamer,363475,2010-02-01
/person/jc-goldenstein-2,/organization/creopoint,0,2010-02-01
/organization/freestyle-capital,/organization/styletrek,250000,2010-02-01
/organization/vi-partners,/organization/silentsoft,710000,2010-02-01
/organization/rap-investments,/organization/doodledeals-inc,74705,2010-02-01
/organization/octopus-ventures,/organization/aqs,3180659,2010-02-01
/organization/bessemer-venture-partners,/organization/yodle,3333334,2010-02-01
/organization/madison-angels,/organization/styletrek,250000,2010-02-01
/organization/launchtime,/organization/doodledeals-inc,74705,2010-02-01
/person/kevin-fortuna,/organization/doodledeals-inc,74705,2010-02-01
/person/thomas-lehrman-2,/organization/doodledeals-inc,74705,2010-02-01
/organization/saif-partners,/organization/beijing-transinfo-technology-group-co-ltd,10000000,2010-02-01
/organization/sv-angel,/organization/yammer,1666666,2010-02-02
/organization/seraphim-capital,/organization/celona-technologies,1063333,2010-02-02
/organization/canaan-partners,/organization/vivox,1700000,2010-02-02
/organization/idg-ventures-usa,/organization/vivox,1700000,2010-02-02
/organization/goldcrest-investments,/organization/yammer,1666666,2010-02-02
/organization/spark-ventures,/organization/celona-technologies,1063333,2010-02-02
/organization/swisscom-ventures,/organization/solvaxis,1516666,2010-02-02
/organization/grandbanks-capital,/organization/vivox,1700000,2010-02-02
/organization/domain-associates,/organization/altair-therapeutics,4250000,2010-02-02
/organization/forward-ventures,/organization/altair-therapeutics,4250000,2010-02-02
/organization/thomas-mcnerney-partners,/organization/altair-therapeutics,4250000,2010-02-02
/organization/socit-rgionale-dinvestissement-de-wallonie,/organization/promethera-biosciences,2433333,2010-02-02
/organization/agechem-venture-fund,/organization/altair-therapeutics,4250000,2010-02-02
/organization/fenwick-west,/organization/ustream,15533333,2010-02-02
/person/ron-conway,/organization/yammer,1666666,2010-02-02
/person/keith-rabois,/organization/yammer,1666666,2010-02-02
/organization/vesalius-biocapital-partners,/organization/promethera-biosciences,2433333,2010-02-02
/organization/updata-partners,/organization/coaxis,10000000,2010-02-02
/organization/aeris-capital,/organization/glammedia,25000000,2010-02-02
/organization/kt-corp,/organization/ustream,15533333,2010-02-02
/organization/caledonia-investments,/organization/celona-technologies,1063333,2010-02-02
/organization/benchmark,/organization/vivox,1700000,2010-02-02
/organization/softbank-capital,/organization/ustream,15533333,2010-02-02
/organization/renaissance-kmu-schweizerische-anlagestiftung,/organization/solvaxis,1516666,2010-02-02
/organization/life-sciences-partners,/organization/promethera-biosciences,2433333,2010-02-02
/organization/vinci-capital,/organization/solvaxis,1516666,2010-02-02
/organization/sv-angel,/organization/app-net,0,2010-02-03
/person/esther-dyson,/organization/factual,71428,2010-02-03
/organization/founder-collective,/organization/factual,71428,2010-02-03
/person/auren-hoffman,/organization/factual,71428,2010-02-03
/person/thomas-lehrman,/organization/factual,71428,2010-02-03
/organization/benchmark,/organization/prosper,333333,2010-02-03
/person/marc-simoncini,/organization/appsfire,166666,2010-02-03
/organization/highland-capital-partners,/organization/gigamon,22800000,2010-02-03
/person/jean-david-blanc,/organization/appsfire,166666,2010-02-03
/organization/qed-investors,/organization/prosper,333333,2010-02-03
/person/richard-rosenblatt,/organization/factual,71428,2010-02-03
/person/danny-rimer,/organization/factual,71428,2010-02-03
/person/lee-and-june-stein,/organization/factual,71428,2010-02-03
/organization/gunderson-dettmer,/organization/factual,71428,2010-02-03
/organization/lerer-ventures,/organization/appsfire,166666,2010-02-03
/person/tom-unterman,/organization/factual,71428,2010-02-03
/organization/idealab,/organization/factual,71428,2010-02-03
/person/scott-kurnit,/organization/factual,71428,2010-02-03
/organization/ben-franklin-technology-partners-of-northeast-pennsylvania,/organization/viddler,50000,2010-02-03
/organization/meritech-capital-partners,/organization/prosper,333333,2010-02-03
/organization/dag-ventures,/organization/prosper,333333,2010-02-03
/organization/miramar-venture-partners,/organization/factual,71428,2010-02-03
/person/jacques-antoine-granjon,/organization/appsfire,166666,2010-02-03
/organization/launchcapital,/organization/sustainable-real-estate-solutions,525000,2010-02-03
/person/marten-mickos,/organization/factual,71428,2010-02-03
/organization/samurai-incubate,/organization/f4samurai,99310,2010-02-03
/organization/university-venture-fund,/organization/trustedid,0,2010-02-04
/organization/harbor-pacific-capital,/organization/lensvector,5000000,2010-02-04
/organization/ben-franklin-technology-partners-of-northeast-pennsylvania,/organization/clydetec-systems,35000,2010-02-04
/organization/mohr-davidow-ventures,/organization/navigenics,6000000,2010-02-04
/organization/catalyst-venture-partners,/organization/insite-wireless,0,2010-02-04
/organization/silicon-valley-bank,/organization/lensvector,5000000,2010-02-04
/organization/procter-and-gamble,/organization/navigenics,6000000,2010-02-04
/organization/institutional-venture-partners,/organization/lensvector,5000000,2010-02-04
/organization/mitsui-ventures,/organization/lensvector,5000000,2010-02-04
/organization/menlo-ventures,/organization/lensvector,5000000,2010-02-04
/person/dave-mcclure,/organization/linkdex,0,2010-02-04
/organization/seraphim-capital,/organization/cognitive-match,1250000,2010-02-04
/organization/iroquois-capital,/organization/veriteq-corporation,770000,2010-02-04
/organization/alliance-venture,/organization/encap,840000,2010-02-04
/organization/banexi-ventures,/organization/prixtel,4650409,2010-02-04
/organization/samsung-ventures,/organization/lensvector,5000000,2010-02-04
/organization/alpha-capital,/organization/veriteq-corporation,770000,2010-02-04
/organization/serena-capital,/organization/prixtel,4650409,2010-02-04
/organization/kleiner-perkins-caufield-byers,/organization/navigenics,6000000,2010-02-04
/person/peter-schuepbach,/organization/tutoria-gmbh,0,2010-02-05
/organization/i-source-gestion,/organization/leddartech,1625000,2010-02-05
/person/oliver-jung,/organization/tutoria-gmbh,0,2010-02-05
/person/lukasz-gadowski,/organization/tutoria-gmbh,0,2010-02-05
/person/michael-brehm,/organization/tutoria-gmbh,0,2010-02-05
/organization/team-europe-ventures,/organization/tutoria-gmbh,0,2010-02-05
/organization/european-founders-fund,/organization/tutoria-gmbh,0,2010-02-05
/organization/accs-capital,/organization/leddartech,1625000,2010-02-05
/organization/innovatech-qubec,/organization/leddartech,1625000,2010-02-05
/person/dennis-bemmann,/organization/tutoria-gmbh,0,2010-02-05
/organization/steamboat-ventures,/organization/scrapblog,2500000,2010-02-05
/organization/almaz-capital,/organization/alawarentertainment,3000000,2010-02-06
/organization/venture-accelerator,/organization/minimonos,275000,2010-02-07
/organization/new-zealand-venture-investment-fund,/organization/minimonos,275000,2010-02-07
/organization/onpoint,/organization/petra-solar,13333329,2010-02-08
/person/chris-sacca,/organization/backupify,128571,2010-02-08
/organization/hillsven-capital,/organization/tunewiki,1166666,2010-02-08
/organization/betaworks,/organization/backupify,128571,2010-02-08
/organization/eqvitec,/organization/voddler,3500000,2010-02-08
/person/bob-saunders,/organization/backupify,128571,2010-02-08
/organization/symantec,/organization/veracode,2043388,2010-02-08
/organization/craton-equity-partners,/organization/petra-solar,13333329,2010-02-08
/organization/benchmark,/organization/tunewiki,1166666,2010-02-08
/organization/amadeus-capital-partners,/organization/amee,1833333,2010-02-08
/person/jason-calacanis,/organization/backupify,128571,2010-02-08
/organization/first-round-capital,/organization/backupify,128571,2010-02-08
/organization/intellect-capital-ventures,/organization/tunewiki,1166666,2010-02-08
/organization/rovi,/organization/veracode,2043388,2010-02-08
/organization/o-reilly-alphatech-ventures,/organization/amee,1833333,2010-02-08
/organization/thunder-road-capital,/organization/the-mark-news,0,2010-02-08
/organization/innovation-grade-capital,/organization/the-mark-news,0,2010-02-08
/organization/ntt-docomo,/organization/tunewiki,1166666,2010-02-08
/organization/polaris-partners,/organization/veracode,2043388,2010-02-08
/organization/21ventures,/organization/aerofarms,500000,2010-02-08
/organization/union-square-ventures,/organization/amee,1833333,2010-02-08
/organization/espirito-santo-ventures,/organization/petra-solar,13333329,2010-02-08
/organization/novel-tmt-ventures,/organization/tunewiki,1166666,2010-02-08
/organization/motorola-solutions-venture-capital,/organization/tunewiki,1166666,2010-02-08
/organization/mena-venture-investments,/organization/identified-com,0,2010-02-08
/person/andy-swan,/organization/backupify,128571,2010-02-08
/organization/velo-fund,/organization/redlen-technologies,2600000,2010-02-09
/organization/growthworks,/organization/redlen-technologies,2600000,2010-02-09
/organization/monitor-ventures,/organization/mediaplatform,1375000,2010-02-09
/organization/pelion-venture-partners,/organization/dotnetnuke-corporatio,2666666,2010-02-09
/organization/monashees-capital,/organization/keepcon,0,2010-02-09
/organization/dcm,/organization/peerpong,700000,2010-02-09
/organization/first-round-capital,/organization/peerpong,700000,2010-02-09
/organization/clearstone-venture-partners,/organization/divitas-networks,143333,2010-02-09
/organization/tudor-ventures,/organization/mediaplatform,1375000,2010-02-09
/organization/b-c-advantage-funds,/organization/redlen-technologies,2600000,2010-02-09
/organization/svb-capital,/organization/divitas-networks,143333,2010-02-09
/organization/syncom-venture-partners,/organization/mediaplatform,1375000,2010-02-09
/organization/aconcagua-ventures,/organization/keepcon,0,2010-02-09
/organization/august-capital,/organization/dotnetnuke-corporatio,2666666,2010-02-09
/organization/charles-river-ventures,/organization/peerpong,700000,2010-02-09
/organization/partech-international,/organization/peerpong,700000,2010-02-09
/organization/slater-technology-fund,/organization/cytosolv,500000,2010-02-09
/organization/menlo-ventures,/organization/divitas-networks,143333,2010-02-09
/organization/south-west-ventures-fund,/organization/provision-communications,1700000,2010-02-10
/organization/sjtte-ap-fonden,/organization/accumulate,1025000,2010-02-10
/organization/national-institutes-of-health,/organization/pro-pharmaceuticals,489000,2010-02-10
/organization/clave-mayor,/organization/ibetor,6160000,2010-02-10
/organization/payex-holding,/organization/accumulate,1025000,2010-02-10
/organization/hercules-technology-growth-capital,/organization/propel-fuels,8000000,2010-02-10
/organization/sk-telecom-ventures,/organization/simopsstudios,698866,2010-02-10
/person/matt-eldridge,/organization/lymbix,118242,2010-02-11
/organization/focus-ventures,/organization/webvisible,10000000,2010-02-11
/organization/verifone,/organization/trunkbow-international-holdings,8800170,2010-02-11
/organization/life-sciences-partners,/organization/argen-x,642857,2010-02-11
/organization/kbc,/organization/argen-x,642857,2010-02-11
/organization/thuja-capital,/organization/argen-x,642857,2010-02-11
/organization/new-enterprise-associates,/organization/1bog,5000000,2010-02-11
/organization/adams-street-partners,/organization/webvisible,10000000,2010-02-11
/organization/ann-arbor-spark,/organization/intervention-insights,0,2010-02-11
/organization/biogeneration-ventures,/organization/argen-x,642857,2010-02-11
/organization/cedar-point-capital,/organization/indigo-identityware,1275000,2010-02-11
/person/josh-merchant,/organization/lymbix,118242,2010-02-11
/person/private-seed,/organization/tapnscrap,15000,2010-02-12
/person/dharmesh-shah,/organization/okta,1428571,2010-02-12
/organization/sv-angel,/organization/okta,1428571,2010-02-12
/organization/yellow-blue-investment-management,/organization/cuculus,885000,2010-02-12
/organization/debiopharm,/organization/curis,8000000,2010-02-12
/organization/kfw,/organization/cuculus,885000,2010-02-12
/organization/siegmund-beteiligungsgesellschaft,/organization/cuculus,885000,2010-02-12
/person/avid-larizadeh,/organization/okta,1428571,2010-02-12
/person/maynard-webb,/organization/okta,1428571,2010-02-12
/person/stephen-marcus,/organization/okta,1428571,2010-02-12
/organization/high-tech-gruenderfonds,/organization/cuculus,885000,2010-02-12
/organization/ventech-capital,/organization/muzicall,2850120,2010-02-12
/person/ramesh-haridas,/organization/refinery29,166666,2010-02-13
/person/jim-yang,/organization/refinery29,166666,2010-02-13
/person/marc-mitchell,/organization/refinery29,166666,2010-02-13
/person/philippe-leclercq,/organization/madmagz,41500,2010-02-14
/organization/tpg-biotechnology-partners,/organization/quantenna,2142857,2010-02-14
/person/hatime-araki,/organization/madmagz,41500,2010-02-14
/organization/swisscom-ventures,/organization/quantenna,2142857,2010-02-14
/organization/prime-technology-ventures,/organization/layar,1700000,2010-02-15
/organization/htt-sixgen,/organization/linkotec,750000,2010-02-15
/organization/sunstone-capital,/organization/layar,1700000,2010-02-15
/organization/cambridge-business-angels,/organization/positivefeedback,650000,2010-02-15
/organization/veraventure,/organization/linkotec,750000,2010-02-15
/person/pete-grillo,/organization/urban-airship,183333,2010-02-16
/organization/dag-ventures,/organization/yume,5000000,2010-02-17
/organization/forward-ventures,/organization/tioga-pharmaceuticals,4500000,2010-02-17
/organization/artiman-ventures,/organization/vucast-media,5500000,2010-02-17
/organization/e-ventures,/organization/yume,5000000,2010-02-17
/person/mike-yavonditte,/organization/voxy,200000,2010-02-17
/organization/bb-biotech-ventures,/organization/tioga-pharmaceuticals,4500000,2010-02-17
/organization/new-leaf-venture-partners,/organization/tioga-pharmaceuticals,4500000,2010-02-17
/organization/nokia-growth-partners,/organization/cloudmark,11500000,2010-02-17
/person/mike-brown-jr,/organization/voxy,200000,2010-02-17
/organization/summit-partners,/organization/cloudmark,11500000,2010-02-17
/organization/rho-capital-ventures,/organization/effective-measure,4000000,2010-02-17
/organization/caja-navarra,/organization/abiquo-group,1025000,2010-02-17
/organization/iconventures,/organization/clicker,2750000,2010-02-18
/organization/dace-ventures,/organization/everyscape,2000000,2010-02-18
/organization/qualcomm-ventures,/organization/clicker,2750000,2010-02-18
/person/nick-beim,/organization/fiksu,1249993,2010-02-18
/organization/sktelecom,/organization/everyscape,2000000,2010-02-18
/organization/alsop-louie-partners,/organization/moonshoot,3300000,2010-02-18
/organization/cheyenne-capital,/organization/eleutian-technology,10000000,2010-02-18
/organization/softtech-vc,/organization/bitly,750000,2010-02-18
/organization/draper-fisher-jurvetson,/organization/everyscape,2000000,2010-02-18
/organization/redpoint-ventures,/organization/clicker,2750000,2010-02-18
/organization/benchmark,/organization/clicker,2750000,2010-02-18
/organization/founder-collective,/organization/vook,357142,2010-02-19
/organization/sv-angel,/organization/vook,357142,2010-02-19
/organization/chalmers-innovation,/organization/orthocone,122000,2010-02-19
/organization/octopus-ventures,/organization/mi-pay,3000000,2010-02-19
/organization/lerer-ventures,/organization/vook,357142,2010-02-19
/organization/felicis-ventures,/organization/vook,357142,2010-02-19
/organization/baseline-ventures,/organization/vook,357142,2010-02-19
/organization/yfm-venture-finance,/organization/new-net-technologies,196000,2010-02-19
/person/ron-conway,/organization/vook,357142,2010-02-19
/organization/institutional-venture-partners,/organization/ngmoco,6050000,2010-02-22
/organization/norwest-venture-partners,/organization/ngmoco,6050000,2010-02-22
/organization/innovation-norway,/organization/atbrox,67000,2010-02-22
/organization/syncom-venture-partners,/organization/dubmenow,2800000,2010-02-22
/organization/capital-for-enterprise,/organization/prismtech,1160000,2010-02-22
/organization/maven-capital-partners,/organization/prismtech,1160000,2010-02-22
/organization/kleiner-perkins-caufield-byers,/organization/ngmoco,6050000,2010-02-22
/organization/polaris-partners,/organization/allurent,2000000,2010-02-22
/organization/floodgate,/organization/ngmoco,6050000,2010-02-22
/organization/ata-ventures,/organization/visage-mobile,900000,2010-02-23
/person/paul-sethi,/organization/comixology,50000,2010-02-23
/organization/new-york-angels,/organization/comixology,50000,2010-02-23
/organization/vesbridge-partners,/organization/visage-mobile,900000,2010-02-23
/organization/rose-tech-ventures,/organization/comixology,50000,2010-02-23
/organization/emergence-capital-partners,/organization/visage-mobile,900000,2010-02-23
/organization/t-venture,/organization/metasonic,0,2010-02-23
/organization/iroquois-capital,/organization/sinohub,461000,2010-02-24
/organization/paladin-capital-group,/organization/luminus-devices,4706593,2010-02-24
/organization/whitebox-advisors,/organization/sinohub,461000,2010-02-24
/organization/hudson-bay-capital-management,/organization/sinohub,461000,2010-02-24
/organization/octopus-ventures,/organization/clifford-thames,9648860,2010-02-24
/organization/chestnut-ridge-capital,/organization/sinohub,461000,2010-02-24
/organization/downsview-capital,/organization/sinohub,461000,2010-02-24
/organization/octagon-capital-partners,/organization/sinohub,461000,2010-02-24
/organization/bdr-capital,/organization/enerkem,10760000,2010-02-24
/organization/jayhawk-capital,/organization/sinohub,461000,2010-02-24
/organization/stata-venture-partners,/organization/luminus-devices,4706593,2010-02-24
/organization/heights-capital-management,/organization/sinohub,461000,2010-02-24
/organization/braemar-energy-ventures,/organization/luminus-devices,4706593,2010-02-24
/organization/bain-capital-ventures,/organization/myedu,5500000,2010-02-24
/organization/paragon-capital,/organization/sinohub,461000,2010-02-24
/organization/ramius-advisors,/organization/sinohub,461000,2010-02-24
/organization/argonaut-private-equity,/organization/luminus-devices,4706593,2010-02-24
/organization/qwest,/organization/zilliontv,10000000,2010-02-24
/organization/mayfield-fund,/organization/pano-logic,6666666,2010-02-25
/organization/yorkville-advisors,/organization/mobile-max-technologies,5000000,2010-02-25
/organization/itochu-corporation,/organization/affle,3000000,2010-02-25
/organization/goldman-sachs,/organization/pano-logic,6666666,2010-02-25
/organization/foundation-capital,/organization/pano-logic,6666666,2010-02-25
/organization/clearpoint-ventures,/organization/calstar-products,3000000,2010-02-26
/organization/enterprise-equity-limited,/organization/onformonics,271400,2010-02-26
/organization/vision-capital,/organization/game-trading-technologies-inc,3900000,2010-02-26
/organization/enterprise-ireland,/organization/onformonics,271400,2010-02-26
/organization/nth-power,/organization/calstar-products,3000000,2010-02-26
/organization/bnp-paribas-private-equity,/organization/cat-amania,1640000,2010-02-26
/organization/the-westly-group,/organization/calstar-products,3000000,2010-02-26
/organization/sodero-gestion,/organization/cat-amania,1640000,2010-02-26
/organization/menlo-ventures,/organization/mog,4750000,2010-02-26
/organization/balderton-capital,/organization/mog,4750000,2010-02-26
/organization/ouest-croissance,/organization/cat-amania,1640000,2010-02-26
/organization/bertelsmann-digital-media-investments,/organization/licensestream,2045000,2010-02-26
/organization/enertech-capital,/organization/calstar-products,3000000,2010-02-26
/organization/venrock,/organization/chelsea-therapeutics-international,16820000,2010-02-26
/organization/dublin-business-innovation-centre,/organization/onformonics,271400,2010-02-26
